Id,SimEngId,TimeStamp,PosX,PosY,PosZ,Heading,Pitch,Roll,Speed,DamageState,Pose,Health,AimPointX,AimPointY,AimPointZ,HitPoints,EntityId
423002,61,0,684.4,54.27,779.92,100,1.5,5.337914E-08,0,0,0,0,0,0,0,100,1
423003,62,0,850.9,82.5,745.1,2.001673E-07,1.449999,8.500002,0,0,0,0,0,0,0,100,2
423004,63,0,843,76.2,797.4,353.9,90,0,0,0,0,0,0,0,0,100,3
423005,64,0,826.7,76.2,709.9,26.005,90,0,0,0,0,0,0,0,0,100,4
423006,78,0.121517,699.3934,53.35163,779.475,271.7,0,0,0,0,0,0,0,1.301,0,100,5
423007,79,0.121517,709.3594,54.02296,778.1788,271.7,270,0,0,0,0,0,0,1.301,0,100,6
423008,80,0.121517,734.467,54.07465,781.4354,271.7,270,0,0,0,0,0,0,1.301,0,100,7
423009,81,0.121517,759.4263,53.61198,779.6942,271.7,270,0,0,0,0,0,0,1.301,0,100,8
423010,82,0.121517,784.356,54.65122,776.9534,271.7,270,0,0,0,0,0,0,0.49,0,100,9
423011,4134,9.219188,709.389,54.01517,779.1783,271.7,0,0,0,0,0,0,0,1.301,0,100,10
423012,7154,21.29308,709.389,54.01517,779.1783,271.7,0,0,0,0,0,0,0,1.300999,0,100,10
423014,7174,21.31756,709.389,54.01517,779.1783,271.7,0,0,0,2,0,0,0,1.300999,0,0,10
423015,7449,22.47799,709.389,54.01517,779.1783,271.7,0,0,0,2,0,0,0,1.300999,0,0,10
423017,7779,23.79874,709.389,54.01517,779.1783,271.7,0,0,0,2,0,0,0,1.300999,0,0,10
423019,11609,39.11068,709.389,54.01517,779.1783,271.7,0,0,0,2,0,0,0,1.300999,0,0,10
423021,11849,40.07623,709.389,54.01517,779.1783,271.7,0,0,0,2,0,0,0,1.300999,0,0,10
423023,11869,40.14926,709.389,54.01517,779.1783,271.7,336.8583,0,0,2,0,0,0,1.300999,0,0,10
423025,11874,40.17904,709.389,54.01517,779.1783,271.7,309.6573,2.67559E-06,0,2,0,0,0,1.300999,0,0,10
423026,11879,40.19428,709.389,54.01517,779.1783,271.7,296.3992,-7.680886E-06,0,2,0,0,0,1.300999,0,0,10
423027,11884,40.20848,709.389,54.01517,779.1783,271.7,283.5143,7.306985E-06,0,2,0,0,0,1.300999,0,0,10
423028,11889,40.22535,709.389,54.01517,779.1783,271.7,270,0,0,2,0,0,0,1.300999,0,0,10
423029,24051,88.88128,709.389,54.01517,779.1783,271.7,0,0,0,0,0,0,0,1.301,0,100,11
423030,27881,104.2106,709.389,54.01517,779.1783,271.7,0,0,0,0,0,0,0,1.300999,0,100,11
423032,27891,104.2449,709.389,54.01517,779.1783,271.7,0,0,0,2,0,0,0,1.300999,0,0,11
423033,28311,105.934,709.389,54.01517,779.1783,271.7,0,0,0,2,0,0,0,1.300999,0,0,11
423035,28711,107.533,709.389,54.01517,779.1783,271.7,0,0,0,2,0,0,0,1.300999,0,0,11
423037,29096,109.0782,709.389,54.01517,779.1783,271.7,0,0,0,2,0,0,0,1.300999,0,0,11
423039,29536,110.8319,709.389,54.01517,779.1783,271.7,0,0,0,2,0,0,0,1.300999,0,0,11
423041,29546,110.8778,709.389,54.01517,779.1783,271.7,346.1252,0,0,2,0,0,0,1.300999,0,0,11
423043,29551,110.8985,709.389,54.01517,779.1783,271.7,327.4562,2.025608E-06,0,2,0,0,0,1.300999,0,0,11
423045,29556,110.9205,709.389,54.01517,779.1783,271.7,307.7334,0,0,2,0,0,0,1.300999,0,0,11
423046,29561,110.9313,709.389,54.01517,779.1783,271.7,298.2677,3.605524E-06,0,2,0,0,0,1.300999,0,0,11
423048,29566,110.9569,709.389,54.01517,779.1783,271.7,274.9461,-3.961003E-05,0,2,0,0,0,1.300999,0,0,11
423049,29571,110.973,709.389,54.01517,779.1783,271.7,270,0,0,2,0,0,0,1.300999,0,0,11
423051,34808,131.9344,709.389,54.01517,779.1783,271.7,0,0,0,0,0,0,0,1.301,0,100,12
423052,36863,140.1555,709.389,54.01517,779.1783,271.7,0,0,0,0,0,0,0,1.300999,0,100,12
423054,36873,140.195,709.389,54.01517,779.1783,271.7,0,0,0,2,0,0,0,1.300999,0,0,12
423055,37228,141.6052,709.389,54.01517,779.1783,271.7,0,0,0,2,0,0,0,1.300999,0,0,12
423057,37673,143.3874,709.389,54.01517,779.1783,271.7,0,0,0,2,0,0,0,1.300999,0,0,12
423058,38093,145.0737,709.389,54.01517,779.1783,271.7,0,0,0,2,0,0,0,1.300999,0,0,12
423060,38458,146.5341,709.389,54.01517,779.1783,271.7,0,0,0,2,0,0,0,1.300999,0,0,12
423062,38858,148.1409,709.389,54.01517,779.1783,271.7,0,0,0,2,0,0,0,1.300999,0,0,12
423064,38883,148.2299,709.389,54.01517,779.1783,271.7,334.1688,-9.485518E-07,0,2,0,0,0,1.300999,0,0,12
423065,38888,148.2535,709.389,54.01517,779.1783,271.7,312.8575,2.510444E-06,0,2,0,0,0,1.300999,0,0,12
423066,38893,148.2708,709.389,54.01517,779.1783,271.7,297.3048,3.722382E-06,0,2,0,0,0,1.300999,0,0,12
423067,38898,148.2895,709.389,54.01517,779.1783,271.7,280.4548,-9.410013E-06,0,2,0,0,0,1.300999,0,0,12
423068,38903,148.3079,709.389,54.01517,779.1783,271.7,270,0,0,2,0,0,0,1.300999,0,0,12
423069,43386,166.2605,709.389,54.01517,779.1783,271.7,0,0,0,0,0,0,0,1.301,0,100,13
423070,46611,179.1534,709.389,54.01517,779.1783,271.7,0,0,0,0,0,0,0,1.300999,0,100,13
423072,46621,179.1884,709.389,54.01517,779.1783,271.7,0,0,0,2,0,0,0,1.300999,0,0,13
423073,47201,181.5082,709.389,54.01517,779.1783,271.7,0,0,0,2,0,0,0,1.300999,0,0,13
423075,47691,183.4705,709.389,54.01517,779.1783,271.7,0,0,0,2,0,0,0,1.300999,0,0,13
423077,48231,185.6376,709.389,54.01517,779.1783,271.7,0,0,0,2,0,0,0,1.300999,0,0,13
423079,48736,187.6474,709.389,54.01517,779.1783,271.7,0,0,0,2,0,0,0,1.300999,0,0,13
423081,48751,187.7071,709.389,54.01517,779.1783,271.7,337.329,-9.252657E-07,0,2,0,0,0,1.300999,0,0,13
423082,48756,187.7283,709.389,54.01517,779.1783,271.7,318.2905,2.287318E-06,0,2,0,0,0,1.300999,0,0,13
423083,48761,187.7446,709.389,54.01517,779.1783,271.7,303.6609,-3.080683E-06,0,2,0,0,0,1.300999,0,0,13
423085,48766,187.7793,709.389,54.01517,779.1783,271.7001,272.0742,-4.718238E-05,0,2,0,0,0,1.300999,0,0,13
423086,48771,187.7976,709.389,54.01517,779.1783,271.7,270,0,0,2,0,0,0,1.300999,0,0,13
423087,52163,201.3712,709.389,54.01517,779.1783,271.7,0,0,0,0,0,0,0,1.301,0,100,14
423088,53708,207.5538,709.389,54.01517,779.1783,271.7,0,0,0,0,0,0,0,1.300999,0,100,14
423090,53718,207.5921,709.389,54.01517,779.1783,271.7,0,0,0,2,0,0,0,1.300999,0,0,14
423091,54108,209.1544,709.389,54.01517,779.1783,271.7,0,0,0,2,0,0,0,1.300999,0,0,14
423093,54453,210.531,709.389,54.01517,779.1783,271.7,0,0,0,2,0,0,0,1.300999,0,0,14
423095,54763,211.7653,709.389,54.01517,779.1783,271.7,0,0,0,2,0,0,0,1.300999,0,0,14
423097,55108,213.1558,709.389,54.01517,779.1783,271.7,0,0,0,2,0,0,0,1.300999,0,0,14
423099,55128,213.2391,709.389,54.01517,779.1783,271.7,335.3537,9.393488E-07,0,2,0,0,0,1.300999,0,0,14
423100,55133,213.2565,709.389,54.01517,779.1783,271.7,319.5838,0,0,2,0,0,0,1.300999,0,0,14
423101,55138,213.2762,709.389,54.01517,779.1783,271.7,301.8348,0,0,2,0,0,0,1.300999,0,0,14
423102,55143,213.2966,709.389,54.01517,779.1783,271.7,283.7633,-1.435451E-05,0,2,0,0,0,1.300999,0,0,14
423103,55148,213.3128,709.389,54.01517,779.1783,271.7,270,0,0,2,0,0,0,1.300999,0,0,14
423104,60665,235.3893,709.389,54.01517,779.1783,271.7,0,0,0,0,0,0,0,1.301,0,100,15
423105,62395,242.3086,709.389,54.01517,779.1783,271.7,0,0,0,0,0,0,0,1.300999,0,100,15
423107,62740,243.6844,709.389,54.01517,779.1783,271.7,0,0,0,2,0,0,0,1.300999,0,0,15
423109,63065,244.9949,709.389,54.01517,779.1783,271.7,0,0,0,2,0,0,0,1.300999,0,0,15
423111,63960,248.5725,709.389,54.01517,779.1783,271.7,0,0,0,2,0,0,0,1.300999,0,0,15
423113,64295,249.917,709.389,54.01517,779.1783,271.7,0,0,0,2,0,0,0,1.300999,0,0,15
423115,64310,249.9803,709.389,54.01517,779.1783,271.7,333.1848,0,0,2,0,0,0,1.300999,0,0,15
423117,64315,250.0006,709.389,54.01517,779.1783,271.7,314.9248,0,0,2,0,0,0,1.300999,0,0,15
423118,64320,250.0116,709.389,54.01517,779.1783,271.7,305.4614,0,0,2,0,0,0,1.300999,0,0,15
423120,64325,250.0325,709.389,54.01517,779.1783,271.7,286.2618,0,0,2,0,0,0,1.300999,0,0,15
423122,64330,250.0532,709.389,54.01517,779.1783,271.7,270,0,0,2,0,0,0,1.300999,0,0,15
423124,81702,0,684.4,54.27,779.92,100,1.5,5.337914E-08,0,0,0,0,0,0,0,100,16
423125,81703,0,850.9,82.5,745.1,2.001673E-07,1.449999,8.500002,0,0,0,0,0,0,0,100,17
423126,81704,0,843,76.2,797.4,353.9,90,0,0,0,0,0,0,0,0,100,18
423127,81705,0,826.7,76.2,709.9,26.005,90,0,0,0,0,0,0,0,0,100,19
423128,81706,0,699.3934,53.35163,779.475,271.7,0,0,0,0,0,0,0,1.301,0,100,20
423129,81707,0,709.3594,54.02296,778.1788,271.7,270,0,0,0,0,0,0,1.301,0,100,21
423130,81708,0,734.467,54.07465,781.4354,271.7,270,0,0,0,0,0,0,1.301,0,100,22
423131,81709,0,759.4263,53.61198,779.6942,271.7,270,0,0,0,0,0,0,1.301,0,100,23
423132,81710,0,784.356,54.65122,776.9534,271.7,270,0,0,0,0,0,0,0.49,0,100,24
423133,91335,21.58816,709.389,54.01517,779.1783,271.7,0,0,0,0,0,0,0,1.301,0,100,25
423134,92680,26.97684,709.389,54.01517,779.1783,271.7,0,0,0,0,0,0,0,1.300999,0,100,25
423135,97015,44.32639,709.389,54.01517,779.1783,271.7,0,0,0,0,0,0,0,1.300999,0,100,25
423137,97025,44.35658,709.389,54.01517,779.1783,271.7,0,0,0,2,0,0,0,1.300999,0,0,25
423138,97840,47.62392,709.389,54.01517,779.1783,271.7,0,0,0,2,0,0,0,1.300999,0,0,25
423140,98475,50.17017,709.389,54.01517,779.1783,271.7,0,0,0,2,0,0,0,1.300999,0,0,25
423141,99020,52.34398,709.389,54.01517,779.1783,271.7,0,0,0,2,0,0,0,1.300999,0,0,25
423143,99595,54.64564,709.389,54.01517,779.1783,271.7,0,0,0,2,0,0,0,1.300999,0,0,25
423145,100285,57.40379,709.389,54.01517,779.1783,271.7,0,0,0,2,0,0,0,1.300999,0,0,25
423147,100300,57.46545,709.389,54.01517,779.1783,271.7,334.181,9.48454E-07,0,2,0,0,0,1.300999,0,0,25
423149,100305,57.4871,709.389,54.01517,779.1783,271.7,314.7127,0,0,2,0,0,0,1.300999,0,0,25
423151,100310,57.50669,709.389,54.01517,779.1783,271.7,297.0406,7.51194E-06,0,2,0,0,0,1.300999,0,0,25
423153,100315,57.52698,709.389,54.01517,779.1783,271.7,278.7921,-1.117139E-05,0,2,0,0,0,1.300999,0,0,25
423155,100320,57.54819,709.389,54.01517,779.1783,271.7,270,0,0,2,0,0,0,1.300999,0,0,25
423156,107557,86.50178,709.389,54.01517,779.1783,271.7,0,0,0,0,0,0,0,1.301,0,100,26
423158,109267,93.33574,709.389,54.01517,779.1783,271.7,0,0,0,0,0,0,0,1.300999,0,100,26
423160,109277,93.3727,709.389,54.01517,779.1783,271.7,0,0,0,2,0,0,0,1.300999,0,0,26
423161,109937,96.02237,709.389,54.01517,779.1783,271.7,0,0,0,2,0,0,0,1.300999,0,0,26
423163,110522,98.36464,709.389,54.01517,779.1783,271.7,0,0,0,2,0,0,0,1.300999,0,0,26
423165,111132,100.8024,709.389,54.01517,779.1783,271.7,0,0,0,2,0,0,0,1.300999,0,0,26
423167,111837,103.6256,709.389,54.01517,779.1783,271.7,0,0,0,2,0,0,0,1.300999,0,0,26
423169,111857,103.7064,709.389,54.01517,779.1783,271.7,335.2865,-9.398556E-07,0,2,0,0,0.3337402,1.257427,-0.009887695,0,26
423171,111862,103.7276,709.389,54.01517,779.1783,271.7,316.1696,0,0,2,0,0,0.3337402,1.257427,-0.009887695,0,26
423173,111867,103.7482,709.389,54.01517,779.1783,271.7,297.5457,0,0,2,0,0,0.3337402,1.257427,-0.009887695,0,26
423175,111872,103.7691,709.389,54.01517,779.1783,271.7,278.9018,1.103476E-05,0,2,0,0,0.3337402,1.257427,-0.009887695,0,26
423176,111877,103.7807,709.389,54.01517,779.1783,271.7,270,0,0,2,0,0,0.3337402,1.257427,-0.009887695,0,26
423178,118024,128.3758,709.389,54.01517,779.1783,271.7,0,0,0,0,0,0,0,1.301,0,100,27
423179,119824,135.5831,709.389,54.01517,779.1783,271.7,0,0,0,0,0,0,0,1.300999,0,100,27
423181,119834,135.6168,709.389,54.01517,779.1783,271.7,0,0,0,2,0,0,0,1.300999,0,0,27
423182,120684,139.0206,709.389,54.01517,779.1783,271.7,0,0,0,2,0,0,0,1.300999,0,0,27
423184,121144,140.8704,709.389,54.01517,779.1783,271.7,0,0,0,2,0,0,0,1.300999,0,0,27
423185,121724,143.1842,709.389,54.01517,779.1783,271.7,0,0,0,2,0,0,0,1.300999,0,0,27
423187,122384,145.812,709.389,54.01517,779.1783,271.7,0,0,0,2,0,0,0,1.300999,0,0,27
423189,128819,171.5706,709.389,54.01517,779.1783,271.7,0,0,0,0,0,0,0,1.301,0,100,28
423190,132639,186.8661,709.389,54.01517,779.1783,271.7,0,0,0,0,0,0,0,1.300999,0,100,28
423192,132649,186.9019,709.389,54.01517,779.1783,271.7,0,0,0,2,0,0,0,1.300999,0,0,28
423193,133089,188.6681,709.389,54.01517,779.1783,271.7,0,0,0,2,0,0,0,1.300999,0,0,28
423195,133684,191.0404,709.389,54.01517,779.1783,271.7,0,0,0,2,0,0,0,1.300999,0,0,28
423197,134224,193.2056,709.389,54.01517,779.1783,271.7,0,0,0,2,0,0,0,1.300999,0,0,28
423199,139826,215.6298,709.389,54.01517,779.1783,271.7,0,0,0,0,0,0,0,1.301,0,100,29
423200,142376,225.8256,709.389,54.01517,779.1783,271.7,0,0,0,0,0,0,0,1.300999,0,100,29
423201,143191,229.0872,709.389,54.01517,779.1783,271.7,0,0,0,0,0,0,0,1.300999,0,100,29
423203,143201,229.1199,709.389,54.01517,779.1783,271.7,0,0,0,2,0,0,0,1.300999,0,0,29
423204,143606,230.7349,709.389,54.01517,779.1783,271.7,0,0,0,2,0,0,0,1.300999,0,0,29
423206,143996,232.3009,709.389,54.01517,779.1783,271.7,0,0,0,2,0,0,0,1.300999,0,0,29
423208,144396,233.9034,709.389,54.01517,779.1783,271.7,0,0,0,2,0,0,0,1.300999,0,0,29
423210,165158,316.9598,709.389,54.01517,779.1783,271.7,0,0,0,0,0,0,0,1.301,0,100,30
423212,166763,323.3864,709.389,54.01517,779.1783,271.7,0,0,0,0,0,0,0,1.300999,0,100,30
423214,178548,370.5287,709.389,54.01517,779.1783,271.7,0,0,0,2,0,0,0,1.300999,0,0,30
423216,186848,403.7253,709.389,54.01517,779.1783,271.7,0,0,0,2,0,0,0,1.300999,0,0,30
423218,187508,406.3598,709.389,54.01517,779.1783,271.7,0,0,0,2,0,0,0,1.300999,0,0,30
423220,188118,408.8027,709.389,54.01517,779.1783,271.7,0,0,0,2,0,0,0,1.300999,0,0,30
423222,188138,408.8839,709.389,54.01517,779.1783,271.7,335.6977,0,0,2,0,0,0,1.300999,0,0,30
423224,188143,408.9064,709.389,54.01517,779.1783,271.7,315.3815,2.398916E-06,0,2,0,0,0,1.300999,0,0,30
423226,188148,408.9275,709.389,54.01517,779.1783,271.7,296.3752,3.843688E-06,0,2,0,0,1.047668,0.7707443,-0.03106689,0,30
423228,188153,408.9494,709.389,54.01517,779.1783,271.7,276.6889,0,0,2,0,0,1.047668,0.7707443,-0.03106689,0,30
423230,188158,408.9699,709.389,54.01517,779.1783,271.7,270,0,0,2,0,0,1.047668,0.7707443,-0.03106689,0,30
423231,206038,0,684.4,54.27,779.92,100,1.5,5.337914E-08,0,0,0,0,0,0,0,100,31
423232,206039,0,850.9,82.5,745.1,2.001673E-07,1.449999,8.500002,0,0,0,0,0,0,0,100,32
423233,206040,0,843,76.2,797.4,353.9,90,0,0,0,0,0,0,0,0,100,33
423234,206041,0,826.7,76.2,709.9,26.005,90,0,0,0,0,0,0,0,0,100,34
423235,206042,0,699.3934,53.35163,779.475,271.7,0,0,0,0,0,0,0,1.301,0,100,35
423236,206043,0,709.3594,54.02296,778.1788,271.7,270,0,0,0,0,0,0,1.301,0,100,36
423237,206044,0,734.467,54.07465,781.4354,271.7,270,0,0,0,0,0,0,1.301,0,100,37
423238,206045,0,759.4263,53.61198,779.6942,271.7,270,0,0,0,0,0,0,1.301,0,100,38
423239,206046,0,784.356,54.65122,776.9534,271.7,270,0,0,0,0,0,0,0.49,0,100,39
423240,216899,24.2313,709.389,54.01517,779.1783,271.7,0,0,0,0,0,0,0,1.301,0,100,40
423241,241149,121.2316,709.389,54.01517,779.1783,271.7,0,0,0,0,0,0,0,1.300999,0,100,40
423243,241159,121.2657,709.389,54.01517,779.1783,271.7,0,0,0,2,0,0,0,1.300999,0,0,40
423244,243389,130.1932,709.389,54.01517,779.1783,271.7,0,0,0,2,0,0,0,1.300999,0,0,40
423246,245434,138.3601,709.389,54.01517,779.1783,271.7,0,0,0,2,0,0,0,1.300999,0,0,40
423248,246884,144.1733,709.389,54.01517,779.1783,271.7,0,0,0,2,0,0,0,1.300999,0,0,40
423250,252987,168.5774,709.389,54.01517,779.1783,271.7,0,0,0,0,0,0,0,1.301,0,100,41
423251,259342,194.0162,709.389,54.01517,779.1783,271.7,0,0,0,0,0,0,0,1.300999,0,100,41
423253,259352,194.0465,709.389,54.01517,779.1783,271.7,0,0,0,2,0,0,0,1.300999,0,0,41
423255,261902,204.2529,709.389,54.01517,779.1783,271.7,0,0,0,2,0,0,0,1.300999,0,0,41
423257,264482,214.5714,709.389,54.01517,779.1783,271.7,0,0,0,2,0,0,0,1.300999,0,0,41
423258,267192,225.4108,709.389,54.01517,779.1783,271.7,0,0,0,2,0,0,0,1.300999,0,0,41
423259,269057,232.8636,709.389,54.01517,779.1783,271.7,0,0,0,2,0,0,0,1.300999,0,0,41
423261,272294,245.8279,709.389,54.01517,779.1783,271.7,0,0,0,0,0,0,0,1.301,0,100,42
423263,277299,265.8489,709.389,54.01517,779.1783,271.7,0,0,0,0,0,0,0,1.300999,0,100,42
423265,280029,276.7738,709.389,54.01517,779.1783,271.7,0,0,0,2,0,0,0,1.300999,0,0,42
423267,282614,287.1135,709.389,54.01517,779.1783,271.7,0,0,0,2,0,0,0,1.300999,0,0,42
423269,285129,297.1707,709.389,54.01517,779.1783,271.7,0,0,0,2,0,0,0,1.300999,0,0,42
423271,291114,321.1163,709.389,54.01517,779.1783,271.7,0,0,0,2,0,0,0,1.300999,0,0,42
423272,297241,345.629,709.389,54.01517,779.1783,271.7,0,0,0,0,0,0,0,1.301,0,100,43
423273,300336,358.015,709.389,54.01517,779.1783,271.7,0,0,0,0,0,0,0,1.300999,0,100,43
423275,300346,358.0517,709.389,54.01517,779.1783,271.7,0,0,0,2,0,0,0,1.300999,0,0,43
423276,301306,361.8799,709.389,54.01517,779.1783,271.7,0,0,0,2,0,0,0,1.300999,0,0,43
423278,302061,364.9065,709.389,54.01517,779.1783,271.7,0,0,0,2,0,0,0,1.300999,0,0,43
423280,302971,368.5454,709.389,54.01517,779.1783,271.7,0,0,0,2,0,0,0,1.300999,0,0,43
423282,303971,372.5417,709.389,54.01517,779.1783,271.7,0,0,0,2,0,0,0,1.300999,0,0,43
423284,304001,372.6729,709.389,54.01517,779.1783,271.7,334.8889,0,0,2,0,0,0,1.300999,0,0,43
423285,304006,372.6892,709.389,54.01517,779.1783,271.7,319.9629,-2.230258E-06,0,2,0,0,0,1.300999,0,0,43
423287,304011,372.7123,709.389,54.01517,779.1783,271.7,298.8648,3.537164E-06,0,2,0,0,0,1.300999,0,0,43
423289,304016,372.7324,709.389,54.01517,779.1783,271.7,280.7704,9.137441E-06,0,2,0,0,0,1.300999,0,0,43
423291,304021,372.7537,709.389,54.01517,779.1783,271.7,270,0,0,2,0,0,0,1.300999,0,0,43
423293,310393,398.2509,709.389,54.01517,779.1783,271.7,0,0,0,0,0,0,0,1.301,0,100,44
423294,313253,409.6941,709.389,54.01517,779.1783,271.7,0,0,0,0,0,0,0,1.300999,0,100,44
423296,313893,412.2538,709.389,54.01517,779.1783,271.7,0,0,0,2,0,0,0,1.300999,0,0,44
423298,314473,414.5698,709.389,54.01517,779.1783,271.7,0,0,0,2,0,0,0,1.300999,0,0,44
423300,315153,417.2873,709.389,54.01517,779.1783,271.7,0,0,0,2,0,0,0,1.300999,0,0,44
423302,315633,419.2113,709.389,54.01517,779.1783,271.7,0,0,0,2,0,0,0,1.300999,0,0,44
423304,315648,419.2707,709.389,54.01517,779.1783,271.7,335.6497,0,0,2,0,0,0,1.300999,0,0,44
423306,315653,419.2921,709.389,54.01517,779.1783,271.7,316.3666,2.359242E-06,0,2,0,0,0,1.300999,0,0,44
423308,315658,419.3134,709.389,54.01517,779.1783,271.7,297.2409,7.460895E-06,0,2,0,0,0,1.300999,0,0,44
423310,315663,419.3347,709.389,54.01517,779.1783,271.7,278.0299,0,0,2,0,0,0,1.300999,0,0,44
423312,315668,419.356,709.389,54.01517,779.1783,271.7,270,0,0,2,0,0,0,1.300999,0,0,44
423313,320456,438.5129,709.389,54.01517,779.1783,271.7,0,0,0,0,0,0,0,1.301,0,100,45
423314,324026,452.7895,709.389,54.01517,779.1783,271.7,0,0,0,0,0,0,0,1.300999,0,100,45
423316,324826,455.9944,709.389,54.01517,779.1783,271.7,0,0,0,2,0,0,0,1.300999,0,0,45
423318,325771,459.7678,709.389,54.01517,779.1783,271.7,0,0,0,2,0,0,0,1.300999,0,0,45
423320,326396,462.2666,709.389,54.01517,779.1783,271.7,0,0,0,2,0,0,0,1.300999,0,0,45
423322,327181,465.4089,709.389,54.01517,779.1783,271.7,0,0,0,2,0,0,0,1.300999,0,0,45
423324,327211,465.5186,709.389,54.01517,779.1783,271.7,314.8982,2.419137E-06,0,2,0,0,0,1.300999,0,0,45
423325,327216,465.541,709.389,54.01517,779.1783,271.7,294.5429,-4.110867E-06,0,2,0,0,0,1.300999,0,0,45
423326,327221,465.5622,709.389,54.01517,779.1783,271.7,275.3692,-1.824848E-05,0,2,0,0,0,1.300999,0,0,45
423327,327226,465.589,709.389,54.01517,779.1783,271.7,270,0,0,2,0,0,0,1.300999,0,0,45
423328,331212,0,684.4,54.27,779.92,100,1.5,5.337914E-08,0,0,0,0,0,0,0,100,46
423329,331213,0,850.9,82.5,745.1,2.001673E-07,1.449999,8.500002,0,0,0,0,0,0,0,100,47
423330,331214,0,843,76.2,797.4,353.9,90,0,0,0,0,0,0,0,0,100,48
423331,331215,0,826.7,76.2,709.9,26.005,90,0,0,0,0,0,0,0,0,100,49
423332,331216,0,699.3934,53.35163,779.475,271.7,0,0,0,0,0,0,0,1.301,0,100,50
423333,331217,0,709.3594,54.02296,778.1788,271.7,270,0,0,0,0,0,0,1.301,0,100,51
423334,331218,0,734.467,54.07465,781.4354,271.7,270,0,0,0,0,0,0,1.301,0,100,52
423335,331219,0,759.4263,53.61198,779.6942,271.7,270,0,0,0,0,0,0,1.301,0,100,53
423336,331220,0,784.356,54.65122,776.9534,271.7,270,0,0,0,0,0,0,0.49,0,100,54
423337,349494,40.76003,709.389,54.01517,779.1783,271.7,0,0,0,0,0,0,0,1.301,0,100,55
423338,358049,74.98252,709.389,54.01517,779.1783,271.7,0,0,0,0,0,0,0,1.300999,0,100,55
423340,358059,75.02325,709.389,54.01517,779.1783,271.7,0,0,0,2,0,0,0,1.300999,0,0,55
423341,362429,92.51112,709.389,54.01517,779.1783,271.7,0,0,0,2,0,0,0,1.300999,0,0,55
423343,367299,111.9951,709.389,54.01517,779.1783,271.7,0,0,0,2,0,0,0,1.300999,0,0,55
423345,370644,125.3786,709.389,54.01517,779.1783,271.7,0,0,0,2,0,0,0,1.300999,0,0,55
423347,375684,145.5271,709.389,54.01517,779.1783,271.7,0,0,0,2,0,0,0,1.300999,0,0,55
423349,375699,145.5872,709.389,54.01517,779.1783,271.7,336.9363,0,0,2,0,0,0,1.300999,0,0,55
423350,375704,145.6068,709.389,54.01517,779.1783,271.7,319.3063,0,0,2,0,0,0,1.300999,0,0,55
423351,375709,145.6238,709.389,54.01517,779.1783,271.7,304.0725,0,0,2,0,0,0,1.300999,0,0,55
423353,375714,145.6603,709.389,54.01517,779.1783,271.6999,270.9584,0.0001020375,0,2,0,0,0,1.300999,0,0,55
423354,375719,145.6787,709.389,54.01517,779.1783,271.7,270,0,0,2,0,0,0,1.300999,0,0,55
423355,380436,164.541,709.389,54.01517,779.1783,271.7,0,0,0,0,0,0,0,1.301,0,100,56
423356,383691,177.5741,709.389,54.01517,779.1783,271.7,0,0,0,0,0,0,0,1.300999,0,100,56
423358,383701,177.6085,709.389,54.01517,779.1783,271.7,0,0,0,2,0,0,0,1.300999,0,0,56
423359,388156,195.4398,709.389,54.01517,779.1783,271.7,0,0,0,2,0,0,0,1.300999,0,0,56
423361,392656,213.4257,709.389,54.01517,779.1783,271.7,0,0,0,2,0,0,0,1.300999,0,0,56
423363,397176,231.5131,709.389,54.01517,779.1783,271.7,0,0,0,2,0,0,0,1.300999,0,0,56
423365,405136,263.3449,709.389,54.01517,779.1783,271.7,0,0,0,2,0,0,0,1.300999,0,0,56
423367,405156,263.4397,709.389,54.01517,779.1783,271.7,321.2853,-2.188407E-06,0,2,0,0,0,1.300999,0,0,56
423368,405161,263.4551,709.389,54.01517,779.1783,271.7,307.7729,0,0,2,0,0,0,1.300999,0,0,56
423369,405166,263.4744,709.389,54.01517,779.1783,271.7,290.3295,4.914948E-06,0,2,0,0,0,1.300999,0,0,56
423370,405171,263.4939,709.389,54.01517,779.1783,271.7001,272.8764,0,0,2,0,0,0,1.300999,0,0,56
423371,405176,263.5135,709.389,54.01517,779.1783,271.7,270,0,0,2,0,0,0,1.300999,0,0,56
423372,409878,282.3302,709.389,54.01517,779.1783,271.7,0,0,0,0,0,0,0,1.301,0,100,57
423373,413823,298.1052,709.389,54.01517,779.1783,271.7,0,0,0,0,0,0,0,1.300999,0,100,57
423375,419048,319.0182,709.389,54.01517,779.1783,271.7,0,0,0,2,0,0,0,1.300999,0,0,57
423377,424643,341.393,709.389,54.01517,779.1783,271.7,0,0,0,2,0,0,0,1.300999,0,0,57
423379,430223,363.7115,709.389,54.01517,779.1783,271.7,0,0,0,2,0,0,0,1.300999,0,0,57
423381,434908,382.4546,709.389,54.01517,779.1783,271.7,0,0,0,2,0,0,0,1.300999,0,0,57
423383,434923,382.5164,709.389,54.01517,779.1783,271.7,333.2044,0,0,2,0,0,0,1.300999,0,0,57
423385,434928,382.5402,709.389,54.01517,779.1783,271.7,311.8618,0,0,2,0,0,0,1.300999,0,0,57
423386,434933,382.5529,709.389,54.01517,779.1783,271.7,300.6088,3.353564E-06,0,2,0,0,0,1.300999,0,0,57
423388,434938,382.5758,709.389,54.01517,779.1783,271.7,279.7265,0,0,2,0,0,0,1.300999,0,0,57
423390,434943,382.5979,709.389,54.01517,779.1783,271.7,270,0,0,2,0,0,0,1.300999,0,0,57
423392,438200,395.6335,709.389,54.01517,779.1783,271.7,0,0,0,0,0,0,0,1.301,0,100,58
423394,442360,412.2784,709.389,54.01517,779.1783,271.7,0,0,0,0,0,0,0,1.300999,0,100,58
423396,448000,434.8332,709.389,54.01517,779.1783,271.7,0,0,0,2,0,0,0,1.300999,0,0,58
423398,453965,458.6956,709.389,54.01517,779.1783,271.7,0,0,0,2,0,0,0,1.300999,0,0,58
423400,459405,480.4572,709.389,54.01517,779.1783,271.7,0,0,0,2,0,0,0,1.300999,0,0,58
423402,465420,504.5195,709.389,54.01517,779.1783,271.7,0,0,0,2,0,0,0,1.300999,0,0,58
423404,465440,504.599,709.389,54.01517,779.1783,271.7,337.0479,-9.271775E-07,0,2,0,0,0,1.300999,0,0,58
423405,465445,504.6169,709.389,54.01517,779.1783,271.7,321.0451,0,0,2,0,0,0,1.300999,0,0,58
423406,465450,504.6353,709.389,54.01517,779.1783,271.7,304.5787,3.008697E-06,0,2,0,0,0,1.300999,0,0,58
423407,465455,504.6548,709.389,54.01517,779.1783,271.7,286.9188,5.867552E-06,0,2,0,0,0,1.300999,0,0,58
423408,465460,504.6722,709.389,54.01517,779.1783,271.7001,271.2711,0,0,2,0,0,0,1.300999,0,0,58
423410,465465,504.6965,709.389,54.01517,779.1783,271.7,270,0,0,2,0,0,0,1.300999,0,0,58
423411,468367,516.307,709.389,54.01517,779.1783,271.7,0,0,0,0,0,0,0,1.301,0,100,59
423412,476177,547.553,709.389,54.01517,779.1783,271.7,0,0,0,0,0,0,0,1.300999,0,100,59
423414,476187,547.5859,709.389,54.01517,779.1783,271.7,0,0,0,2,0,0,0,1.300999,0,0,59
423415,481452,568.6453,709.389,54.01517,779.1783,271.7,0,0,0,2,0,0,0,1.300999,0,0,59
423417,486882,590.3752,709.389,54.01517,779.1783,271.7,0,0,0,2,0,0,0,1.300999,0,0,59
423419,494622,621.3331,709.389,54.01517,779.1783,271.7,0,0,0,2,0,0,0,1.300999,0,0,59
423421,500327,644.1597,709.389,54.01517,779.1783,271.7,0,0,0,2,0,0,0,1.300999,0,0,59
423423,500352,644.2591,709.389,54.01517,779.1783,271.7,317.0309,-2.333601E-06,0,2,0,0,0,1.300999,0,0,59
423424,500357,644.2762,709.389,54.01517,779.1783,271.7,302.0816,-3.214952E-06,0,2,0,0,0,1.300999,0,0,59
423425,500362,644.2929,709.389,54.01517,779.1783,271.7,287.0987,0,0,2,0,0,0,1.300999,0,0,59
423426,500367,644.3138,709.389,54.01517,779.1783,271.7,270,0,0,2,0,0,0,1.300999,0,0,59
423427,503084,655.1912,709.389,54.01517,779.1783,271.7,0,0,0,0,0,0,0,1.301,0,100,60
423428,509754,681.8774,709.389,54.01517,779.1783,271.7,0,0,0,0,0,0,0,1.300999,0,100,60
423430,514479,700.7778,709.389,54.01517,779.1783,271.7,0,0,0,2,0,0,0,1.300999,0,0,60
423432,518959,718.6892,709.389,54.01517,779.1783,271.7,0,0,0,2,0,0,0,1.300999,0,0,60
423434,522719,733.7349,709.389,54.01517,779.1783,271.7,0,0,0,2,0,0,0,1.300999,0,0,60
423436,526579,749.1693,709.389,54.01517,779.1783,271.7,0,0,0,2,0,0,0,1.300999,0,0,60
423438,526609,749.2968,709.389,54.01517,779.1783,271.7,336.8099,0,0,2,0,0,0,1.300999,0,0,60
423439,526614,749.3152,709.389,54.01517,779.1783,271.7,320.0227,0,0,2,0,0,0,1.300999,0,0,60
423440,526619,749.3364,709.389,54.01517,779.1783,271.7,301.4169,3.275798E-06,0,2,0,0,0,1.300999,0,0,60
423441,526624,749.3555,709.389,54.01517,779.1783,271.7,283.9211,7.097491E-06,0,2,0,0,0,1.300999,0,0,60
423442,526629,749.3785,709.389,54.01517,779.1783,271.7,270,0,0,2,0,0,0,1.300999,0,0,60
423443,530908,0,684.4,54.27,779.92,100,1.5,5.337914E-08,0,0,0,0,0,0,0,100,61
423444,530909,0,850.9,82.5,745.1,2.001673E-07,1.449999,8.500002,0,0,0,0,0,0,0,100,62
423445,530910,0,843,76.2,797.4,353.9,90,0,0,0,0,0,0,0,0,100,63
423446,530911,0,826.7,76.2,709.9,26.005,90,0,0,0,0,0,0,0,0,100,64
423447,530912,0,699.3934,53.35163,779.475,271.7,0,0,0,0,0,0,0,1.301,0,100,65
423448,530913,0,709.3594,54.02296,778.1788,271.7,270,0,0,0,0,0,0,1.301,0,100,66
423449,530914,0,734.467,54.07465,781.4354,271.7,270,0,0,0,0,0,0,1.301,0,100,67
423450,530915,0,759.4263,53.61198,779.6942,271.7,270,0,0,0,0,0,0,1.301,0,100,68
423451,530916,0,784.356,54.65122,776.9534,271.7,270,0,0,0,0,0,0,0.49,0,100,69
423452,534857,8.869896,709.389,54.01517,779.1783,271.7,0,0,0,0,0,0,0,1.301,0,100,70
423453,705922,693.1338,709.389,54.01517,779.1783,271.7,0,0,0,0,0,0,0,1.300999,0,100,70
423454,713187,722.194,709.389,54.01517,779.1783,271.7,0,0,0,0,0,0,0,1.300999,0,100,70
423455,725357,770.8785,709.389,54.01517,779.1783,271.7,0,0,0,0,0,0,0,1.300999,0,100,70
423457,725367,770.9087,709.389,54.01517,779.1783,271.7,0,0,0,2,0,0,0,1.300999,0,0,70
423458,732627,799.9509,709.389,54.01517,779.1783,271.7,0,0,0,2,0,0,0,1.300999,0,0,70
423460,738037,821.5975,709.389,54.01517,779.1783,271.7,0,0,0,2,0,0,0,1.300999,0,0,70
423462,740438,831.2174,709.389,54.01517,779.1783,271.7,0,0,0,0,0,0,0,1.301,0,100,71
423463,749653,868.0792,709.389,54.01517,779.1783,271.7,0,0,0,0,0,0,0,1.300999,0,100,71
423464,754678,888.1765,709.389,54.01517,779.1783,271.7,0,0,0,0,0,0,0,1.300999,0,100,71
423466,754688,888.2092,709.389,54.01517,779.1783,271.7,0,0,0,2,0,0,0,1.300999,0,0,71
423467,759328,906.7682,709.389,54.01517,779.1783,271.7,0,0,0,2,0,0,0,1.300999,0,0,71
423469,763753,924.4709,709.389,54.01517,779.1783,271.7,0,0,0,2,0,0,0,1.300999,0,0,71
423471,767803,940.6776,709.389,54.01517,779.1783,271.7,0,0,0,2,0,0,0,1.300999,0,0,71
423473,771625,955.9678,709.389,54.01517,779.1783,271.7,0,0,0,0,0,0,0,1.301,0,100,72
423474,779195,986.2487,709.389,54.01517,779.1783,271.7,0,0,0,0,0,0,0,1.300999,0,100,72
423476,779205,986.2963,709.389,54.01517,779.1783,271.7,0,0,0,2,0,0,0,1.300999,0,0,72
423477,782435,999.2047,709.389,54.01517,779.1783,271.7,0,0,0,2,0,0,0,1.300999,0,0,72
423479,785520,1011.542,709.389,54.01517,779.1783,271.7,0,0,0,2,0,0,0,1.300999,0,0,72
423481,788495,1023.449,709.389,54.01517,779.1783,271.7,0,0,0,2,0,0,0,1.300999,0,0,72
423483,791570,1035.755,709.389,54.01517,779.1783,271.7,0,0,0,2,0,0,0,1.300999,0,0,72
423485,791585,1035.817,709.389,54.01517,779.1783,271.7,345.1564,0,0,2,0,0,0,1.300999,0,0,72
423486,791590,1035.828,709.389,54.01517,779.1783,271.7,334.8376,0,0,2,0,0,0,1.300999,0,0,72
423487,791605,1035.894,709.389,54.01517,779.1783,271.7,276.0664,-3.231527E-05,0,2,0,0,0.8109741,1.017021,-0.02404785,0,72
423489,791610,1035.918,709.389,54.01517,779.1783,271.7,270,0,0,2,0,0,0.8109741,1.017021,-0.02404785,0,72
423490,795776,1052.59,709.389,54.01517,779.1783,271.7,0,0,0,0,0,0,0,1.301,0,100,73
423491,800336,1070.831,709.389,54.01517,779.1783,271.7,0,0,0,0,0,0,0,1.300999,0,100,73
423493,800346,1070.866,709.389,54.01517,779.1783,271.7,0,0,0,2,0,0,0,1.300999,0,0,73
423494,803831,1084.815,709.389,54.01517,779.1783,271.7,0,0,0,2,0,0,0,1.300999,0,0,73
423496,807211,1098.335,709.389,54.01517,779.1783,271.7,0,0,0,2,0,0,0,1.300999,0,0,73
423498,810701,1112.295,709.389,54.01517,779.1783,271.7,0,0,0,2,0,0,0,1.300999,0,0,73
423499,813846,1124.875,709.389,54.01517,779.1783,271.7,0,0,0,2,0,0,0,1.300999,0,0,73
423501,816527,1135.607,709.389,54.01517,779.1783,271.7,0,0,0,0,0,0,0,1.301,0,100,74
423503,822652,1160.114,709.389,54.01517,779.1783,271.7,0,0,0,0,0,0,0,1.300999,0,100,74
423505,822662,1160.15,709.389,54.01517,779.1783,271.7,0,0,0,2,0,0,0,1.300999,0,0,74
423507,825437,1171.256,709.389,54.01517,779.1783,271.7,0,0,0,2,0,0,0,1.300999,0,0,74
423509,829022,1185.598,709.389,54.01517,779.1783,271.7,0,0,0,2,0,0,0,1.300999,0,0,74
423511,832332,1198.825,709.389,54.01517,779.1783,271.7,0,0,0,2,0,0,0,1.300999,0,0,74
423513,836302,1214.717,709.389,54.01517,779.1783,271.7,0,0,0,2,0,0,0,1.300999,0,0,74
423515,836322,1214.798,709.389,54.01517,779.1783,271.7,339.4359,0,0,2,0,0,0,1.300999,0,0,74
423516,836327,1214.814,709.389,54.01517,779.1783,271.7,325.0098,-2.084282E-06,0,2,0,0,0,1.300999,0,0,74
423517,836332,1214.828,709.389,54.01517,779.1783,271.7,312.1241,-2.545773E-06,0,2,0,0,0,1.300999,0,0,74
423519,836337,1214.858,709.389,54.01517,779.1783,271.7,285.3514,6.449957E-06,0,2,0,0,0,1.300999,0,0,74
423520,836342,1214.875,709.389,54.01517,779.1783,271.7,270,0,0,2,0,0,0,1.300999,0,0,74
423521,838521,1223.618,709.389,54.01517,779.1783,271.7,0,0,0,0,0,0,0,1.301,0,100,75
423522,846561,1255.767,709.389,54.01517,779.1783,271.7,0,0,0,0,0,0,0,1.300999,0,100,75
423524,846571,1255.811,709.389,54.01517,779.1783,271.7,0,0,0,2,0,0,0,1.300999,0,0,75
423525,849881,1269.054,709.389,54.01517,779.1783,271.7,0,0,0,2,0,0,0,1.300999,0,0,75
423527,853426,1283.23,709.389,54.01517,779.1783,271.7,0,0,0,2,0,0,0,1.300999,0,0,75
423529,856666,1296.19,709.389,54.01517,779.1783,271.7,0,0,0,2,0,0,0,1.300999,0,0,75
423531,859691,1308.282,709.389,54.01517,779.1783,271.7,0,0,0,2,0,0,0,1.300999,0,0,75
423533,859711,1308.368,709.389,54.01517,779.1783,271.7,334.6683,-9.446006E-07,0,2,0,0,0,1.300999,0,0,75
423534,859716,1308.387,709.389,54.01517,779.1783,271.7,318.5315,0,0,2,0,0,0,1.300999,0,0,75
423535,859721,1308.407,709.389,54.01517,779.1783,271.7,300.1196,0,0,2,0,0,0,1.300999,0,0,75
423536,859726,1308.425,709.389,54.01517,779.1783,271.7,284.308,0,0,2,0,0,0,1.300999,0,0,75
423537,859731,1308.445,709.389,54.01517,779.1783,271.7,270,0,0,2,0,0,0,1.300999,0,0,75
423539,868675,0,684.4,54.27,779.92,100,1.5,5.337914E-08,0,0,0,0,0,0,0,100,77
423540,868676,0,850.9,82.5,745.1,2.001673E-07,1.449999,8.500002,0,0,0,0,0,0,0,100,78
423541,868677,0,843,76.2,797.4,353.9,90,0,0,0,0,0,0,0,0,100,79
423542,868678,0,826.7,76.2,709.9,26.005,90,0,0,0,0,0,0,0,0,100,80
423543,868679,0,699.3934,53.35163,779.475,271.7,0,0,0,0,0,0,0,1.301,0,100,81
423544,868680,0,709.3594,54.02296,778.1788,271.7,270,0,0,0,0,0,0,1.301,0,100,82
423545,868681,0,734.467,54.07465,781.4354,271.7,270,0,0,0,0,0,0,1.301,0,100,83
423546,868682,0,759.4263,53.61198,779.6942,271.7,270,0,0,0,0,0,0,1.301,0,100,84
423547,868700,0.078589,784.356,54.65122,776.9534,271.7,270,0,0,0,0,0,0,0.49,0,100,85
423548,877015,18.61019,709.389,54.01517,779.1783,271.7,0,0,0,0,0,0,0,1.301,0,100,86
423549,901235,115.481,709.389,54.01517,779.1783,271.7,0,0,0,0,0,0,0,1.300999,0,100,86
423551,904300,127.7565,709.389,54.01517,779.1783,271.7,0,0,0,2,0,0,0,1.300999,0,0,86
423553,904630,129.0624,709.389,54.01517,779.1783,271.7,0,0,0,2,0,0,0,1.300999,0,0,86
423555,904905,130.1705,709.389,54.01517,779.1783,271.7,0,0,0,2,0,0,0,1.300999,0,0,86
423557,905395,132.1293,709.389,54.01517,779.1783,271.7,0,0,0,2,0,0,0,1.300999,0,0,86
423559,905410,132.1893,709.389,54.01517,779.1783,271.7,335.1653,-9.407734E-07,0,2,0,0,0,1.300999,0,0,86
423561,905415,132.2107,709.389,54.01517,779.1783,271.7,315.9347,0,0,2,0,0,0,1.300999,0,0,86
423563,905420,132.2329,709.389,54.01517,779.1783,271.7,296.0282,-7.782559E-06,0,2,0,0,0,1.300999,0,0,86
423565,905425,132.2559,709.389,54.01517,779.1783,271.7,275.2704,-1.858904E-05,0,2,0,0,0,1.300999,0,0,86
423567,905430,132.2789,709.389,54.01517,779.1783,271.7,270,0,0,2,0,0,0,1.300999,0,0,86
423568,916972,178.4465,709.389,54.01517,779.1783,271.7,0,0,0,0,0,0,0,1.301,0,100,87
423569,926382,216.0856,709.389,54.01517,779.1783,271.7,0,0,0,0,0,0,0,1.300999,0,100,87
423571,926392,216.1228,709.389,54.01517,779.1783,271.7,0,0,0,2,0,0,0,1.300999,0,0,87
423572,927037,218.7144,709.389,54.01517,779.1783,271.7,0,0,0,2,0,0,0,1.300999,0,0,87
423574,927527,220.678,709.389,54.01517,779.1783,271.7,0,0,0,2,0,0,0,1.300999,0,0,87
423576,928262,223.6158,709.389,54.01517,779.1783,271.7,0,0,0,2,0,0,0,1.300999,0,0,87
423578,928787,225.7128,709.389,54.01517,779.1783,271.7,0,0,0,2,0,0,0,1.300999,0,0,87
423580,928812,225.8137,709.389,54.01517,779.1783,271.7,336.3152,9.323026E-07,0,2,0,0,0,1.300999,0,0,87
423582,928817,225.8351,709.389,54.01517,779.1783,271.7,317.0047,-2.334597E-06,0,2,0,0,0,1.300999,0,0,87
423583,928822,225.8456,709.389,54.01517,779.1783,271.7,307.8509,2.782796E-06,0,2,0,0,0,1.300999,0,0,87
423585,928827,225.8752,709.389,54.01517,779.1783,271.7,281.0804,0,0,2,0,0,0,1.300999,0,0,87
423586,928832,225.8923,709.389,54.01517,779.1783,271.7,270,0,0,2,0,0,0,1.300999,0,0,87
423587,934384,248.1126,709.389,54.01517,779.1783,271.7,0,0,0,0,0,0,0,1.301,0,100,88
423588,936174,255.2662,709.389,54.01517,779.1783,271.7,0,0,0,0,0,0,0,1.300999,0,100,88
423590,936874,258.0675,709.389,54.01517,779.1783,271.7,0,0,0,2,0,0,0,1.300999,0,0,88
423592,937309,259.8165,709.389,54.01517,779.1783,271.7,0,0,0,2,0,0,0,1.300999,0,0,88
423594,938124,263.0662,709.389,54.01517,779.1783,271.7,0,0,0,2,0,0,0,1.300999,0,0,88
423596,938564,264.8257,709.389,54.01517,779.1783,271.7,0,0,0,2,0,0,0,1.300999,0,0,88
423598,938584,264.9068,709.389,54.01517,779.1783,271.7,338.0732,9.203503E-07,0,2,0,0,0,1.300999,0,0,88
423600,938589,264.9377,709.389,54.01517,779.1783,271.7,309.9164,-2.661105E-06,0,2,0,0,0,1.300999,0,0,88
423601,938594,264.9536,709.389,54.01517,779.1783,271.7,296.0401,-3.889636E-06,0,2,0,0,0,1.300999,0,0,88
423602,938599,264.9703,709.389,54.01517,779.1783,271.7,281.1698,1.762927E-05,0,2,0,0,0,1.300999,0,0,88
423603,938604,264.9867,709.389,54.01517,779.1783,271.7,270,0,0,2,0,0,0,1.300999,0,0,88
423604,940886,274.1354,709.389,54.01517,779.1783,271.7,0,0,0,0,0,0,0,1.301,0,100,89
423605,945371,292.0703,709.389,54.01517,779.1783,271.7,0,0,0,0,0,0,0,1.300999,0,100,89
423607,945936,294.3371,709.389,54.01517,779.1783,271.7,0,0,0,2,0,0,0,1.300999,0,0,89
423609,946376,296.0956,709.389,54.01517,779.1783,271.7,0,0,0,2,0,0,0,1.300999,0,0,89
423611,947121,299.0616,709.389,54.01517,779.1783,271.7,0,0,0,2,0,0,0,1.300999,0,0,89
423613,947536,300.7316,709.389,54.01517,779.1783,271.7,0,0,0,2,0,0,0,1.300999,0,0,89
423615,947561,300.8293,709.389,54.01517,779.1783,271.7,340.6907,9.046635E-07,0,2,0,0,0,1.300999,0,0,89
423617,947566,300.8589,709.389,54.01517,779.1783,271.7,313.8304,-2.46568E-06,0,2,0,0,0,1.300999,0,0,89
423618,947571,300.8773,709.389,54.01517,779.1783,271.7,297.7061,3.672649E-06,0,2,0,0,0,1.300999,0,0,89
423619,947576,300.8944,709.389,54.01517,779.1783,271.7,282.3308,0,0,2,0,0,0,1.300999,0,0,89
423620,947581,300.9131,709.389,54.01517,779.1783,271.7,270,0,0,2,0,0,0,1.300999,0,0,89
423621,951819,317.8759,709.389,54.01517,779.1783,271.7,0,0,0,0,0,0,0,1.301,0,100,90
423622,953619,325.0769,709.389,54.01517,779.1783,271.7,0,0,0,0,0,0,0,1.300999,0,100,90
423624,953629,325.1097,709.389,54.01517,779.1783,271.7,0,0,0,2,0,0,0,1.300999,0,0,90
423626,954114,327.0587,709.389,54.01517,779.1783,271.7,0,0,0,2,0,0,0,1.300999,0,0,90
423628,954569,328.864,709.389,54.01517,779.1783,271.7,0,0,0,2,0,0,0,1.300999,0,0,90
423630,955009,330.633,709.389,54.01517,779.1783,271.7,0,0,0,2,0,0,0,1.300999,0,0,90
423632,955634,333.1258,709.389,54.01517,779.1783,271.7,0,0,0,2,0,0,0,1.300999,0,0,90
423634,955664,333.2481,709.389,54.01517,779.1783,271.7,334.5911,9.452048E-07,0,2,0,0,0,1.300999,0,0,90
423635,955669,333.2697,709.389,54.01517,779.1783,271.7,315.0412,-2.413101E-06,0,2,0,0,0,1.300999,0,0,90
423636,955674,333.2932,709.389,54.01517,779.1783,271.7,293.9775,-4.201865E-06,0,2,0,0,0,1.300999,0,0,90
423637,955679,333.3115,709.389,54.01517,779.1783,271.7,277.6179,-1.288079E-05,0,2,0,0,0,1.300999,0,0,90
423638,955684,333.3294,709.389,54.01517,779.1783,271.7,270,0,0,2,0,0,0,1.300999,0,0,90
423639,958797,345.7909,709.389,54.01517,779.1783,271.7,0,0,0,0,0,0,0,1.301,0,100,91
423641,962462,360.4556,709.389,54.01517,779.1783,271.7,0,0,0,0,0,0,0,1.300999,0,100,91
423643,962472,360.4877,709.389,54.01517,779.1783,271.7,0,0,0,2,0,0,0,1.300999,0,0,91
423644,962857,362.0281,709.389,54.01517,779.1783,271.7,0,0,0,2,0,0,0,1.300999,0,0,91
423646,963227,363.5174,709.389,54.01517,779.1783,271.7,0,0,0,2,0,0,0,1.300999,0,0,91
423648,963572,364.8911,709.389,54.01517,779.1783,271.7,0,0,0,2,0,0,0,1.300999,0,0,91
423650,964107,367.0375,709.389,54.01517,779.1783,271.7,0,0,0,2,0,0,0,1.300999,0,0,91
423652,964122,367.0984,709.389,54.01517,779.1783,271.7,343.8731,0,0,2,0,0,0,1.300999,0,0,91
423653,964127,367.1101,709.389,54.01517,779.1783,271.7,333.473,0,0,2,0,0,0,1.300999,0,0,91
423655,964132,367.1319,709.389,54.01517,779.1783,271.7,313.5939,-2.476347E-06,0,2,0,0,0,1.300999,0,0,91
423657,964137,367.1529,709.389,54.01517,779.1783,271.7,294.7646,-4.076357E-06,0,2,0,0,0.9418335,0.8970947,-0.0279541,0,91
423659,964142,367.1742,709.389,54.01517,779.1783,271.7,275.5314,-1.771491E-05,0,2,0,0,0.9418335,0.8970947,-0.0279541,0,91
423661,964147,367.1966,709.389,54.01517,779.1783,271.7,270,0,0,2,0,0,0.9418335,0.8970947,-0.0279541,0,91
423662,966837,0,684.4,54.27,779.92,100,1.5,5.337914E-08,0,0,0,0,0,0,0,100,92
423663,966838,0,850.9,82.5,745.1,2.001673E-07,1.449999,8.500002,0,0,0,0,0,0,0,100,93
423664,966839,0,843,76.2,797.4,353.9,90,0,0,0,0,0,0,0,0,100,94
423665,966840,0,826.7,76.2,709.9,26.005,90,0,0,0,0,0,0,0,0,100,95
423666,966841,0,699.3934,53.35163,779.475,271.7,0,0,0,0,0,0,0,1.301,0,100,96
423667,966842,0,709.3594,54.02296,778.1788,271.7,270,0,0,0,0,0,0,1.301,0,100,97
423668,966843,0,734.467,54.07465,781.4354,271.7,270,0,0,0,0,0,0,1.301,0,100,98
423669,966844,0,759.4263,53.61198,779.6942,271.7,270,0,0,0,0,0,0,1.301,0,100,99
423670,966845,0,784.356,54.65122,776.9534,271.7,270,0,0,0,0,0,0,0.49,0,100,100
423671,969976,7.150829,709.389,54.01517,779.1783,271.7,0,0,0,0,0,0,0,1.301,0,100,101
423672,1098471,521.1417,709.389,54.01517,779.1783,271.7,0,0,0,0,0,0,0,1.300999,0,100,101
423673,1100851,530.655,709.389,54.01517,779.1783,271.7,0,0,0,0,0,0,0,1.300999,0,100,101
423675,1102131,535.7762,709.389,54.01517,779.1783,271.7,0,0,0,2,0,0,0,1.300999,0,0,101
423677,1103036,539.3898,709.389,54.01517,779.1783,271.7,0,0,0,2,0,0,0,1.300999,0,0,101
423679,1103866,542.7061,709.389,54.01517,779.1783,271.7,0,0,0,2,0,0,0,1.300999,0,0,101
423681,1105922,550.9448,709.389,54.01517,779.1783,271.7,0,0,0,0,0,0,0,1.301,0,100,102
423682,1114367,584.7283,709.389,54.01517,779.1783,271.7,0,0,0,0,0,0,0,1.300999,0,100,102
423684,1114377,584.7739,709.389,54.01517,779.1783,271.7,0,0,0,2,0,0,0,1.300999,0,0,102
423685,1115742,590.2324,709.389,54.01517,779.1783,271.7,0,0,0,2,0,0,0,1.300999,0,0,102
423687,1122402,616.8779,709.389,54.01517,779.1783,271.7,0,0,0,2,0,0,0,1.300999,0,0,102
423689,1125717,630.1395,709.389,54.01517,779.1783,271.7,0,0,0,2,0,0,0,1.300999,0,0,102
423691,1128664,641.9282,709.389,54.01517,779.1783,271.7,0,0,0,0,0,0,0,1.301,0,100,103
423693,1134274,664.3663,709.389,54.01517,779.1783,271.7,0,0,0,0,0,0,0,1.300999,0,100,103
423695,1134284,664.4217,709.389,54.01517,779.1783,271.7,0,0,0,2,0,0,0,1.300999,0,0,103
423696,1137249,676.2684,709.389,54.01517,779.1783,271.7,0,0,0,2,0,0,0,1.300999,0,0,103
423698,1140284,688.408,709.389,54.01517,779.1783,271.7,0,0,0,2,0,0,0,1.300999,0,0,103
423700,1142974,699.1755,709.389,54.01517,779.1783,271.7,0,0,0,2,0,0,0,1.300999,0,0,103
423702,1146449,713.0668,709.389,54.01517,779.1783,271.7,0,0,0,2,0,0,0,1.300999,0,0,103
423704,1146469,713.1534,709.389,54.01517,779.1783,271.7,332.4373,0,0,2,0,0,0,1.300999,0,0,103
423705,1146474,713.1712,709.389,54.01517,779.1783,271.7,316.5399,0,0,2,0,0,0,1.300999,0,0,103
423706,1146479,713.1895,709.389,54.01517,779.1783,271.7,300.0572,0,0,2,0,0,0,1.300999,0,0,103
423707,1146484,713.2064,709.389,54.01517,779.1783,271.7,284.9039,1.327805E-05,0,2,0,0,0,1.300999,0,0,103
423709,1146489,713.2406,709.389,54.01517,779.1783,271.7,270,0,0,2,0,0,0,1.300999,0,0,103
423710,1148195,720.0796,709.389,54.01517,779.1783,271.7,0,0,0,0,0,0,0,1.301,0,100,104
423711,1154105,743.7195,709.389,54.01517,779.1783,271.7,0,0,0,0,0,0,0,1.300999,0,100,104
423713,1154120,743.7755,709.389,54.01517,779.1783,271.7,0,0,0,2,0,0,0,1.300999,0,0,104
423715,1155205,748.1119,709.389,54.01517,779.1783,271.7,0,0,0,2,0,0,0,1.300999,0,0,104
423717,1158735,762.2271,709.389,54.01517,779.1783,271.7,0,0,0,2,0,0,0,1.300999,0,0,104
423719,1163110,779.7367,709.389,54.01517,779.1783,271.7,0,0,0,2,0,0,0,1.300999,0,0,104
423721,1167070,795.5804,709.389,54.01517,779.1783,271.7,0,0,0,2,0,0,0,1.300999,0,0,104
423723,1167095,795.6791,709.389,54.01517,779.1783,271.7,337.2581,-9.257451E-07,0,2,0,0,0,1.300999,0,0,104
423724,1167100,795.6959,709.389,54.01517,779.1783,271.7,322.202,2.16097E-06,0,2,0,0,0,1.300999,0,0,104
423725,1167105,795.7143,709.389,54.01517,779.1783,271.7,305.8161,-2.91796E-06,0,2,0,0,0,1.300999,0,0,104
423726,1167110,795.7344,709.389,54.01517,779.1783,271.7,287.6023,-5.646496E-06,0,2,0,0,0,1.300999,0,0,104
423727,1167115,795.7521,709.389,54.01517,779.1783,271.7001,271.6977,-5.764346E-05,0,2,0,0,0,1.300999,0,0,104
423728,1167120,795.7699,709.389,54.01517,779.1783,271.7,270,0,0,2,0,0,0,1.300999,0,0,104
423729,1167125,795.7882,709.389,54.01517,779.1783,271.7,270,0,0,2,0,0,1.300415,0,-0.03857422,0,104
423730,1169852,806.7099,709.389,54.01517,779.1783,271.7,0,0,0,0,0,0,0,1.301,0,100,105
423731,1175152,827.9146,709.389,54.01517,779.1783,271.7,0,0,0,0,0,0,0,1.300999,0,100,105
423733,1178367,840.7682,709.389,54.01517,779.1783,271.7,0,0,0,2,0,0,0,1.300999,0,0,105
423735,1181537,853.4564,709.389,54.01517,779.1783,271.7,0,0,0,2,0,0,0,1.300999,0,0,105
423737,1185172,867.986,709.389,54.01517,779.1783,271.7,0,0,0,2,0,0,0,1.300999,0,0,105
423739,1189732,886.2372,709.389,54.01517,779.1783,271.7,0,0,0,2,0,0,0,1.300999,0,0,105
423741,1189757,886.3382,709.389,54.01517,779.1783,271.7,324.4171,-2.099595E-06,0,2,0,0,0,1.300999,0,0,105
423742,1189762,886.3554,709.389,54.01517,779.1783,271.7,309.381,-2.691282E-06,0,2,0,0,0,1.300999,0,0,105
423743,1189767,886.3722,709.389,54.01517,779.1783,271.7,294.0921,-4.183069E-06,0,2,0,0,0,1.300999,0,0,105
423744,1189772,886.3884,709.389,54.01517,779.1783,271.7,279.6427,0,0,2,0,0,0,1.300999,0,0,105
423746,1189777,886.4204,709.389,54.01517,779.1783,271.7,270,0,0,2,0,0,0,1.300999,0,0,105
423747,1192379,896.8314,709.389,54.01517,779.1783,271.7,0,0,0,0,0,0,0,1.301,0,100,106
423748,1196554,913.5318,709.389,54.01517,779.1783,271.7,0,0,0,0,0,0,0,1.300999,0,100,106
423750,1196564,913.5702,709.389,54.01517,779.1783,271.7,0,0,0,2,0,0,0,1.300999,0,0,106
423751,1200294,928.5012,709.389,54.01517,779.1783,271.7,0,0,0,2,0,0,0,1.300999,0,0,106
423753,1204989,947.2778,709.389,54.01517,779.1783,271.7,0,0,0,2,0,0,0,1.300999,0,0,106
423755,1210169,967.9974,709.389,54.01517,779.1783,271.7,0,0,0,2,0,0,0,1.300999,0,0,106
423757,1214884,986.8552,709.389,54.01517,779.1783,271.7,0,0,0,2,0,0,0,1.300999,0,0,106
423759,1214904,986.9362,709.389,54.01517,779.1783,271.7,334.0077,0,0,2,0,0,0,1.300999,0,0,106
423760,1214909,986.9562,709.389,54.01517,779.1783,271.7,316.2048,0,0,2,0,0,0,1.300999,0,0,106
423761,1214914,986.9741,709.389,54.01517,779.1783,271.7,299.9419,3.421106E-06,0,2,0,0,0,1.300999,0,0,106
423762,1214919,986.9896,709.389,54.01517,779.1783,271.7,285.937,1.243751E-05,0,2,0,0,0,1.300999,0,0,106
423764,1214924,987.0197,709.389,54.01517,779.1783,271.7,270,0,0,2,0,0,0,1.300999,0,0,106
423765,1239178,0,684.4,54.27,779.92,100,1.5,5.337914E-08,0,0,0,0,0,0,0,100,107
423766,1239179,0,850.9,82.5,745.1,2.001673E-07,1.449999,8.500002,0,0,0,0,0,0,0,100,108
423767,1239180,0,843,76.2,797.4,353.9,90,0,0,0,0,0,0,0,0,100,109
423768,1239181,0,826.7,76.2,709.9,26.005,90,0,0,0,0,0,0,0,0,100,110
423769,1239182,0,699.3934,53.35163,779.475,271.7,0,0,0,0,0,0,0,1.301,0,100,111
423770,1239183,0,709.3594,54.02296,778.1788,271.7,270,0,0,0,0,0,0,1.301,0,100,112
423771,1239184,0,734.467,54.07465,781.4354,271.7,270,0,0,0,0,0,0,1.301,0,100,113
423772,1239185,0,759.4263,53.61198,779.6942,271.7,270,0,0,0,0,0,0,1.301,0,100,114
423773,1239186,0,784.356,54.65122,776.9534,271.7,270,0,0,0,0,0,0,0.49,0,100,115
423774,1242672,7.855177,709.389,54.01517,779.1783,271.7,0,0,0,0,0,0,0,1.301,0,100,116
423775,1260457,78.99163,709.389,54.01517,779.1783,271.7,0,0,0,0,0,0,0,1.300999,0,100,116
423777,1261592,83.52334,709.389,54.01517,779.1783,271.7,0,0,0,2,0,0,0,1.300999,0,0,116
423779,1262562,87.39828,709.389,54.01517,779.1783,271.7,0,0,0,2,0,0,0,1.300999,0,0,116
423781,1265017,97.23331,709.389,54.01517,779.1783,271.7,0,0,0,2,0,0,0,1.300999,0,0,116
423783,1266477,103.0714,709.389,54.01517,779.1783,271.7,0,0,0,2,0,0,0,1.300999,0,0,116
423785,1266497,103.1547,709.389,54.01517,779.1783,271.7,336.0185,-9.344377E-07,0,2,0,0,0,1.300999,0,0,116
423786,1266502,103.175,709.389,54.01517,779.1783,271.7,317.6868,0,0,2,0,0,0,1.300999,0,0,116
423787,1266517,103.2186,709.389,54.01517,779.1783,271.7,278.9011,-1.103568E-05,0,2,0,0,0,1.300999,0,0,116
423788,1266522,103.2413,709.389,54.01517,779.1783,271.7,270,0,0,2,0,0,0,1.300999,0,0,116
423789,1292725,208.0712,709.389,54.01517,779.1783,271.7,0,0,0,0,0,0,0,1.301,0,100,117
423790,1294500,215.1721,709.389,54.01517,779.1783,271.7,0,0,0,0,0,0,0,1.300999,0,100,117
423791,1296085,221.5122,709.389,54.01517,779.1783,271.7,0,0,0,0,0,0,0,1.300999,0,100,117
423793,1296095,221.5491,709.389,54.01517,779.1783,271.7,0,0,0,2,0,0,0,1.300999,0,0,117
423794,1297405,226.7873,709.389,54.01517,779.1783,271.7,0,0,0,2,0,0,0,1.300999,0,0,117
423796,1298605,231.5838,709.389,54.01517,779.1783,271.7,0,0,0,2,0,0,0,1.300999,0,0,117
423798,1300235,238.1011,709.389,54.01517,779.1783,271.7,0,0,0,2,0,0,0,1.300999,0,0,117
423800,1310017,277.2471,709.389,54.01517,779.1783,271.7,0,0,0,0,0,0,0,1.301,0,100,118
423801,1321442,322.9448,709.389,54.01517,779.1783,271.7,0,0,0,0,0,0,0,1.300999,0,100,118
423803,1321452,322.9778,709.389,54.01517,779.1783,271.7,0,0,0,2,0,0,0,1.300999,0,0,118
423804,1323957,333.0002,709.389,54.01517,779.1783,271.7,0,0,0,2,0,0,0,1.300999,0,0,118
423806,1324877,336.6878,709.389,54.01517,779.1783,271.7,0,0,0,2,0,0,0,1.300999,0,0,118
423808,1325717,340.0491,709.389,54.01517,779.1783,271.7,0,0,0,2,0,0,0,1.300999,0,0,118
423810,1326542,343.3542,709.389,54.01517,779.1783,271.7,0,0,0,2,0,0,0,1.300999,0,0,118
423812,1326562,343.4312,709.389,54.01517,779.1783,271.7,333.9282,0,0,2,0,0,0,1.300999,0,0,118
423814,1326567,343.4536,709.389,54.01517,779.1783,271.7,313.7993,2.467072E-06,0,2,0,0,0,1.300999,0,0,118
423815,1326572,343.4651,709.389,54.01517,779.1783,271.7,303.6656,-3.080295E-06,0,2,0,0,0,1.300999,0,0,118
423817,1326577,343.4893,709.389,54.01517,779.1783,271.7,281.7274,8.401008E-06,0,2,0,0,0,1.300999,0,0,118
423819,1326582,343.5116,709.389,54.01517,779.1783,271.7,270,0,0,2,0,0,0,1.300999,0,0,118
423821,1333922,372.8774,709.389,54.01517,779.1783,271.7,0,0,0,0,0,0,0,1.301,0,100,119
423822,1342597,407.579,709.389,54.01517,779.1783,271.7,0,0,0,0,0,0,0,1.300999,0,100,119
423824,1342607,407.6213,709.389,54.01517,779.1783,271.7,0,0,0,2,0,0,0,1.300999,0,0,119
423825,1344232,414.1269,709.389,54.01517,779.1783,271.7,0,0,0,2,0,0,0,1.300999,0,0,119
423827,1346322,422.4817,709.389,54.01517,779.1783,271.7,0,0,0,2,0,0,0,1.300999,0,0,119
423829,1348502,431.2137,709.389,54.01517,779.1783,271.7,0,0,0,2,0,0,0,1.300999,0,0,119
423831,1350457,439.0258,709.389,54.01517,779.1783,271.7,0,0,0,2,0,0,0,1.300999,0,0,119
423833,1350472,439.0923,709.389,54.01517,779.1783,271.7,332.6217,-9.614681E-07,0,2,0,0,0,1.300999,0,0,119
423834,1350477,439.1057,709.389,54.01517,779.1783,271.7,321.0167,0,0,2,0,0,0,1.300999,0,0,119
423836,1350482,439.1297,709.389,54.01517,779.1783,271.7,299.0681,3.514571E-06,0,2,0,0,0,1.300999,0,0,119
423838,1350487,439.1536,709.389,54.01517,779.1783,271.7,277.5983,0,0,2,0,0,0,1.300999,0,0,119
423839,1350492,439.1658,709.389,54.01517,779.1783,271.7,270,0,0,2,0,0,0,1.300999,0,0,119
423841,1353011,449.2686,709.389,54.01517,779.1783,271.7,0,0,0,0,0,0,0,1.301,0,100,120
423842,1364691,495.9919,709.389,54.01517,779.1783,271.7,0,0,0,0,0,0,0,1.300999,0,100,120
423844,1364701,496.0233,709.389,54.01517,779.1783,271.7,0,0,0,2,0,0,0,1.300999,0,0,120
423845,1366546,503.4102,709.389,54.01517,779.1783,271.7,0,0,0,2,0,0,0,1.300999,0,0,120
423847,1368341,510.5932,709.389,54.01517,779.1783,271.7,0,0,0,2,0,0,0,1.300999,0,0,120
423849,1369711,516.0697,709.389,54.01517,779.1783,271.7,0,0,0,2,0,0,0,1.300999,0,0,120
423851,1372166,525.8777,709.389,54.01517,779.1783,271.7,0,0,0,2,0,0,0,1.300999,0,0,120
423853,1372191,525.9815,709.389,54.01517,779.1783,271.7,335.3622,0,0,2,0,0,0,1.300999,0,0,120
423855,1372196,526.0126,709.389,54.01517,779.1783,271.7,306.9619,-2.839836E-06,0,2,0,0,0,1.300999,0,0,120
423856,1372201,526.0316,709.389,54.01517,779.1783,271.7,290.2176,0,0,2,0,0,0,1.300999,0,0,120
423857,1372206,526.0494,709.389,54.01517,779.1783,271.7,274.2211,-2.319849E-05,0,2,0,0,0,1.300999,0,0,120
423858,1372211,526.0669,709.389,54.01517,779.1783,271.7,270,0,0,2,0,0,1.296875,0.09576035,-0.03851318,0,120
423859,1375218,538.1096,709.389,54.01517,779.1783,271.7,0,0,0,0,0,0,0,1.301,0,100,121
423860,1386523,583.321,709.389,54.01517,779.1783,271.7,0,0,0,0,0,0,0,1.300999,0,100,121
423862,1388603,591.6512,709.389,54.01517,779.1783,271.7,0,0,0,2,0,0,0,1.300999,0,0,121
423864,1393438,610.9894,709.389,54.01517,779.1783,271.7,0,0,0,2,0,0,0,1.300999,0,0,121
423866,1396552,0,684.4,54.27,779.92,100,1.5,5.337914E-08,0,0,0,0,0,0,0,100,123
423867,1396553,0,850.9,82.5,745.1,2.001673E-07,1.449999,8.500002,0,0,0,0,0,0,0,100,124
423868,1396554,0,843,76.2,797.4,353.9,90,0,0,0,0,0,0,0,0,100,125
423869,1396555,0,826.7,76.2,709.9,26.005,90,0,0,0,0,0,0,0,0,100,126
423870,1396556,0,699.3934,53.35163,779.475,271.7,0,0,0,0,0,0,0,1.301,0,100,127
423871,1396557,0,709.3594,54.02296,778.1788,271.7,270,0,0,0,0,0,0,1.301,0,100,128
423872,1396558,0,734.467,54.07465,781.4354,271.7,270,0,0,0,0,0,0,1.301,0,100,129
423873,1396559,0,759.4263,53.61198,779.6942,271.7,270,0,0,0,0,0,0,1.301,0,100,130
423874,1396560,0,784.356,54.65122,776.9534,271.7,270,0,0,0,0,0,0,0.49,0,100,131
423875,1410325,30.68451,709.389,54.01517,779.1783,271.7,0,0,0,0,0,0,0,1.301,0,100,132
423876,1426385,94.9429,709.389,54.01517,779.1783,271.7,0,0,0,0,0,0,0,1.300999,0,100,132
423878,1426395,94.97748,709.389,54.01517,779.1783,271.7,0,0,0,2,0,0,0,1.300999,0,0,132
423879,1432215,118.2638,709.389,54.01517,779.1783,271.7,0,0,0,2,0,0,0,1.300999,0,0,132
423881,1432975,121.2996,709.389,54.01517,779.1783,271.7,0,0,0,2,0,0,0,1.300999,0,0,132
423883,1433670,124.08,709.389,54.01517,779.1783,271.7,0,0,0,2,0,0,0,1.300999,0,0,132
423885,1434380,126.9159,709.389,54.01517,779.1783,271.7,0,0,0,2,0,0,0,1.300999,0,0,132
423887,1434400,126.9955,709.389,54.01517,779.1783,271.7,339.2626,0,0,2,0,0,0,1.300999,0,0,132
423888,1434405,127.0124,709.389,54.01517,779.1783,271.7,324.3366,0,0,2,0,0,0,1.300999,0,0,132
423890,1434410,127.0438,709.389,54.01517,779.1783,271.7,295.4906,-3.967687E-06,0,2,0,0,0,1.300999,0,0,132
423891,1434415,127.0591,709.389,54.01517,779.1783,271.7,282.2487,-8.048546E-06,0,2,0,0,0,1.300999,0,0,132
423892,1434420,127.0741,709.389,54.01517,779.1783,271.7,270,0,0,2,0,0,0,1.300999,0,0,132
423893,1441367,154.8783,709.389,54.01517,779.1783,271.7,0,0,0,0,0,0,0,1.301,0,100,133
423894,1478282,302.5337,709.389,54.01517,779.1783,271.7,0,0,0,0,0,0,0,1.300999,0,100,133
423896,1478292,302.582,709.389,54.01517,779.1783,271.7,0,0,0,2,0,0,0,1.300999,0,0,133
423897,1478892,304.9812,709.389,54.01517,779.1783,271.7,0,0,0,2,0,0,0,1.300999,0,0,133
423899,1479542,307.5751,709.389,54.01517,779.1783,271.7,0,0,0,2,0,0,0,1.300999,0,0,133
423901,1480267,310.4791,709.389,54.01517,779.1783,271.7,0,0,0,2,0,0,0,1.300999,0,0,133
423903,1481387,314.9597,709.389,54.01517,779.1783,271.7,0,0,0,2,0,0,0,1.300999,0,0,133
423905,1481402,315.02,709.389,54.01517,779.1783,271.7,337.0301,0,0,2,0,0,0,1.300999,0,0,133
423906,1481407,315.0385,709.389,54.01517,779.1783,271.7,320.5699,0,0,2,0,0,0,1.300999,0,0,133
423907,1481412,315.057,709.389,54.01517,779.1783,271.7,303.8035,0,0,2,0,0,0,1.300999,0,0,133
423908,1481417,315.0756,709.389,54.01517,779.1783,271.7,287.0118,5.836379E-06,0,2,0,0,0,1.300999,0,0,133
423909,1481422,315.095,709.389,54.01517,779.1783,271.7,270,0,0,2,0,0,0,1.300999,0,0,133
423910,1485145,329.9965,709.389,54.01517,779.1783,271.7,0,0,0,0,0,0,0,1.301,0,100,134
423912,1494485,367.3615,709.389,54.01517,779.1783,271.7,0,0,0,0,0,0,0,1.300999,0,100,134
423914,1494495,367.3922,709.389,54.01517,779.1783,271.7,0,0,0,2,0,0,0,1.300999,0,0,134
423915,1495635,371.9548,709.389,54.01517,779.1783,271.7,0,0,0,2,0,0,0,1.300999,0,0,134
423917,1496810,376.6593,709.389,54.01517,779.1783,271.7,0,0,0,2,0,0,0,1.300999,0,0,134
423919,1497820,380.6983,709.389,54.01517,779.1783,271.7,0,0,0,2,0,0,0,1.300999,0,0,134
423921,1498685,384.1604,709.389,54.01517,779.1783,271.7,0,0,0,2,0,0,0,1.300999,0,0,134
423923,1498705,384.2422,709.389,54.01517,779.1783,271.7,335.0759,0,0,2,0,0,0,1.300999,0,0,134
423924,1498710,384.256,709.389,54.01517,779.1783,271.7,323.0334,0,0,2,0,0,0,1.300999,0,0,134
423926,1498715,384.2785,709.389,54.01517,779.1783,271.7,302.433,0,0,2,0,0,0,1.300999,0,0,134
423928,1498720,384.3014,709.389,54.01517,779.1783,271.7,281.7643,8.374986E-06,0,2,0,0,0,1.300999,0,0,134
423929,1498725,384.3133,709.389,54.01517,779.1783,271.7,271.4951,6.544892E-05,0,2,0,0,1.273132,0.265255,-0.03778076,0,134
423931,1498730,384.335,709.389,54.01517,779.1783,271.7,270,0,0,2,0,0,1.273132,0.265255,-0.03778076,0,134
423932,1506377,414.9268,709.389,54.01517,779.1783,271.7,0,0,0,0,0,0,0,1.301,0,100,135
423933,1518467,463.3031,709.389,54.01517,779.1783,271.7,0,0,0,0,0,0,0,1.300999,0,100,135
423935,1518482,463.3607,709.389,54.01517,779.1783,271.7,0,0,0,2,0,0,0,1.300999,0,0,135
423936,1519902,469.0333,709.389,54.01517,779.1783,271.7,0,0,0,2,0,0,0,1.300999,0,0,135
423938,1521167,474.0934,709.389,54.01517,779.1783,271.7,0,0,0,2,0,0,0,1.300999,0,0,135
423940,1522442,479.191,709.389,54.01517,779.1783,271.7,0,0,0,2,0,0,0,1.300999,0,0,135
423942,1523737,484.3811,709.389,54.01517,779.1783,271.7,0,0,0,2,0,0,0,1.300999,0,0,135
423944,1523757,484.4512,709.389,54.01517,779.1783,271.7,339.2641,0,0,2,0,0,0,1.300999,0,0,135
423945,1523762,484.4691,709.389,54.01517,779.1783,271.7,323.2883,0,0,2,0,0,0,1.300999,0,0,135
423947,1523767,484.5028,709.389,54.01517,779.1783,271.7,292.6245,4.438769E-06,0,2,0,0,0.7774048,1.04295,-0.02307129,0,135
423948,1523772,484.5209,709.389,54.01517,779.1783,271.7,276.7247,0,0,2,0,0,0.7774048,1.04295,-0.02307129,0,135
423949,1523777,484.5362,709.389,54.01517,779.1783,271.7,270,0,0,2,0,0,0.7774048,1.04295,-0.02307129,0,135
423950,1533049,521.6364,709.389,54.01517,779.1783,271.7,0,0,0,0,0,0,0,1.301,0,100,136
423951,1535784,532.5712,709.389,54.01517,779.1783,271.7,0,0,0,0,0,0,0,1.300999,0,100,136
423953,1535794,532.6099,709.389,54.01517,779.1783,271.7,0,0,0,2,0,0,0,1.300999,0,0,136
423954,1536904,537.0475,709.389,54.01517,779.1783,271.7,0,0,0,2,0,0,0,1.300999,0,0,136
423956,1537769,540.5128,709.389,54.01517,779.1783,271.7,0,0,0,2,0,0,0,1.300999,0,0,136
423958,1538734,544.3784,709.389,54.01517,779.1783,271.7,0,0,0,2,0,0,0,1.300999,0,0,136
423960,1539814,548.7,709.389,54.01517,779.1783,271.7,0,0,0,2,0,0,0,1.300999,0,0,136
423962,1539829,548.7615,709.389,54.01517,779.1783,271.7,345.0987,-8.834849E-07,0,2,0,0,0,1.300999,0,0,136
423963,1539834,548.7734,709.389,54.01517,779.1783,271.7,334.6033,0,0,2,0,0,0,1.300999,0,0,136
423965,1539839,548.7995,709.389,54.01517,779.1783,271.7,311.0167,-2.601862E-06,0,2,0,0,0,1.300999,0,0,136
423966,1539844,548.812,709.389,54.01517,779.1783,271.7,299.9061,3.424826E-06,0,2,0,0,0,1.300999,0,0,136
423968,1539849,548.8376,709.389,54.01517,779.1783,271.7,276.7721,-1.448048E-05,0,2,0,0,0,1.300999,0,0,136
423970,1539854,548.8624,709.389,54.01517,779.1783,271.7,270,0,0,2,0,0,0,1.300999,0,0,136
423971,1546296,574.6365,709.389,54.01517,779.1783,271.7,0,0,0,0,0,0,0,1.301,0,100,137
423972,1551361,594.8909,709.389,54.01517,779.1783,271.7,0,0,0,0,0,0,0,1.300999,0,100,137
423974,1553301,602.6569,709.389,54.01517,779.1783,271.7,0,0,0,2,0,0,0,1.300999,0,0,137
423976,1554231,606.3754,709.389,54.01517,779.1783,271.7,0,0,0,2,0,0,0,1.300999,0,0,137
423978,1555511,611.4929,709.389,54.01517,779.1783,271.7,0,0,0,2,0,0,0,1.300999,0,0,137
423980,1557151,618.0585,709.389,54.01517,779.1783,271.7,0,0,0,2,0,0,0,1.300999,0,0,137
423982,1557166,618.123,709.389,54.01517,779.1783,271.7,333.9039,-9.506899E-07,0,2,0,0,0,1.300999,0,0,137
423983,1557171,618.1348,709.389,54.01517,779.1783,271.7,323.486,2.124578E-06,0,2,0,0,0,1.300999,0,0,137
423985,1557176,618.1596,709.389,54.01517,779.1783,271.7,300.8915,3.32587E-06,0,2,0,0,0,1.300999,0,0,137
423987,1557181,618.1818,709.389,54.01517,779.1783,271.7,281.0368,8.919525E-06,0,2,0,0,0,1.300999,0,0,137
423989,1557186,618.2023,709.389,54.01517,779.1783,271.7,270,0,0,2,0,0,0,1.300999,0,0,137
423990,1560840,0,684.4,54.27,779.92,100,1.5,5.337914E-08,0,0,0,0,0,0,0,100,138
423991,1560841,0,850.9,82.5,745.1,2.001673E-07,1.449999,8.500002,0,0,0,0,0,0,0,100,139
423992,1560842,0,843,76.2,797.4,353.9,90,0,0,0,0,0,0,0,0,100,140
423993,1560843,0,826.7,76.2,709.9,26.005,90,0,0,0,0,0,0,0,0,100,141
423994,1560844,0,699.3934,53.35163,779.475,271.7,0,0,0,0,0,0,0,1.301,0,100,142
423995,1560845,0,709.3594,54.02296,778.1788,271.7,270,0,0,0,0,0,0,1.301,0,100,143
423996,1560846,0,734.467,54.07465,781.4354,271.7,270,0,0,0,0,0,0,1.301,0,100,144
423997,1560847,0,759.4263,53.61198,779.6942,271.7,270,0,0,0,0,0,0,1.301,0,100,145
423998,1560848,0,784.356,54.65122,776.9534,271.7,270,0,0,0,0,0,0,0.49,0,100,146
423999,1569829,20.045,709.389,54.01517,779.1783,271.7,0,0,0,0,0,0,0,1.301,0,100,147
424000,1594114,117.1849,709.389,54.01517,779.1783,271.7,0,0,0,0,0,0,0,1.300999,0,100,147
424002,1594124,117.2169,709.389,54.01517,779.1783,271.7,0,0,0,2,0,0,0,1.300999,0,0,147
424003,1598954,136.5521,709.389,54.01517,779.1783,271.7,0,0,0,2,0,0,0,1.300999,0,0,147
424005,1599549,138.9204,709.389,54.01517,779.1783,271.7,0,0,0,2,0,0,0,1.300999,0,0,147
424007,1599979,140.6395,709.389,54.01517,779.1783,271.7,0,0,0,2,0,0,0,1.300999,0,0,147
424009,1600419,142.4011,709.389,54.01517,779.1783,271.7,0,0,0,2,0,0,0,1.300999,0,0,147
424011,1600434,142.4665,709.389,54.01517,779.1783,271.7,334.0609,0,0,2,0,0,0,1.300999,0,0,147
424013,1600439,142.4897,709.389,54.01517,779.1783,271.7,313.2278,0,0,2,0,0,0,1.300999,0,0,147
424014,1600444,142.5012,709.389,54.01517,779.1783,271.7,303.1439,3.123121E-06,0,2,0,0,0,1.300999,0,0,147
424016,1600449,142.5233,709.389,54.01517,779.1783,271.7,283.0195,-7.579585E-06,0,2,0,0,0,1.300999,0,0,147
424018,1600454,142.544,709.389,54.01517,779.1783,271.7,270,0,0,2,0,0,0,1.300999,0,0,147
424020,1607476,170.5973,709.389,54.01517,779.1783,271.7,0,0,0,0,0,0,0,1.301,0,100,148
424021,1657081,369.0695,709.389,54.01517,779.1783,271.7,0,0,0,0,0,0,0,1.300999,0,100,148
424023,1657091,369.102,709.389,54.01517,779.1783,271.7,0,0,0,2,0,0,0,1.300999,0,0,148
424025,1657566,371.0102,709.389,54.01517,779.1783,271.7,0,0,0,2,0,0,0,1.300999,0,0,148
424027,1658296,373.9252,709.389,54.01517,779.1783,271.7,0,0,0,2,0,0,0,1.300999,0,0,148
424029,1659771,379.8258,709.389,54.01517,779.1783,271.7,0,0,0,2,0,0,0,1.300999,0,0,148
424031,1660351,382.1456,709.389,54.01517,779.1783,271.7,0,0,0,2,0,0,0,1.300999,0,0,148
424033,1660376,382.2453,709.389,54.01517,779.1783,271.7,338.9149,-9.150382E-07,0,2,0,0,0,1.300999,0,0,148
424034,1660381,382.2606,709.389,54.01517,779.1783,271.7,325.2012,0,0,2,0,0,0,1.300999,0,0,148
424036,1660386,382.2896,709.389,54.01517,779.1783,271.7,298.8689,0,0,2,0,0,0.963501,0.8737679,-0.02862549,0,148
424037,1660391,382.3079,709.389,54.01517,779.1783,271.7,282.7841,0,0,2,0,0,0.963501,0.8737679,-0.02862549,0,148
424038,1660396,382.3221,709.389,54.01517,779.1783,271.7,270,0,0,2,0,0,0.963501,0.8737679,-0.02862549,0,148
424039,1666359,406.1826,709.389,54.01517,779.1783,271.7,0,0,0,0,0,0,0,1.301,0,100,149
424041,1690664,503.4018,709.389,54.01517,779.1783,271.7,0,0,0,0,0,0,0,1.300999,0,100,149
424043,1690674,503.4482,709.389,54.01517,779.1783,271.7,0,0,0,2,0,0,0,1.300999,0,0,149
424044,1691454,506.5586,709.389,54.01517,779.1783,271.7,0,0,0,2,0,0,0,1.300999,0,0,149
424046,1691884,508.2798,709.389,54.01517,779.1783,271.7,0,0,0,2,0,0,0,1.300999,0,0,149
424048,1692469,510.6233,709.389,54.01517,779.1783,271.7,0,0,0,2,0,0,0,1.300999,0,0,149
424050,1693284,513.8834,709.389,54.01517,779.1783,271.7,0,0,0,2,0,0,0,1.300999,0,0,149
424052,1693304,513.9573,709.389,54.01517,779.1783,271.7,339.9787,0,0,2,0,0,0,1.300999,0,0,149
424053,1693309,513.9753,709.389,54.01517,779.1783,271.7,323.6016,0,0,2,0,0,0,1.300999,0,0,149
424055,1693314,514.0106,709.389,54.01517,779.1783,271.7,291.5614,9.292812E-06,0,2,0,0,0.7716675,1.047188,-0.02288818,0,149
424056,1693319,514.0275,709.389,54.01517,779.1783,271.7,276.7241,1.458345E-05,0,2,0,0,0.7716675,1.047188,-0.02288818,0,149
424057,1693324,514.0432,709.389,54.01517,779.1783,271.7,270,0,0,2,0,0,0.7716675,1.047188,-0.02288818,0,149
424058,1703995,556.7386,709.389,54.01517,779.1783,271.7,0,0,0,0,0,0,0,1.301,0,100,150
424060,1719715,619.6155,709.389,54.01517,779.1783,271.7,0,0,0,0,0,0,0,1.300999,0,100,150
424062,1719725,619.6563,709.389,54.01517,779.1783,271.7,0,0,0,2,0,0,0,1.300999,0,0,150
424063,1720275,621.8629,709.389,54.01517,779.1783,271.7,0,0,0,2,0,0,0,1.300999,0,0,150
424065,1720835,624.1119,709.389,54.01517,779.1783,271.7,0,0,0,2,0,0,0,1.300999,0,0,150
424067,1721380,626.2764,709.389,54.01517,779.1783,271.7,0,0,0,2,0,0,0,1.300999,0,0,150
424069,1721785,627.9048,709.389,54.01517,779.1783,271.7,0,0,0,2,0,0,0,1.300999,0,0,150
424071,1721800,627.9678,709.389,54.01517,779.1783,271.7,336.1969,0,0,2,0,0,0,1.300999,0,0,150
424072,1721805,627.9832,709.389,54.01517,779.1783,271.7,322.9026,0,0,2,0,0,0,1.300999,0,0,150
424073,1721810,628.0039,709.389,54.01517,779.1783,271.7,304.0584,0,0,2,0,0,0,1.300999,0,0,150
424074,1721815,628.0207,709.389,54.01517,779.1783,271.7,289.193,-5.194044E-06,0,2,0,0,0,1.300999,0,0,150
424075,1721835,628.1051,709.389,54.01517,779.1783,271.7,270,0,0,2,0,0,0,1.300999,0,0,150
424076,1725222,641.6484,709.389,54.01517,779.1783,271.7,0,0,0,0,0,0,0,1.301,0,100,151
424077,1743972,716.6589,709.389,54.01517,779.1783,271.7,0,0,0,0,0,0,0,1.300999,0,100,151
424079,1743982,716.6954,709.389,54.01517,779.1783,271.7,0,0,0,2,0,0,0,1.300999,0,0,151
424080,1744647,719.36,709.389,54.01517,779.1783,271.7,0,0,0,2,0,0,0,1.300999,0,0,151
424082,1745282,721.9047,709.389,54.01517,779.1783,271.7,0,0,0,2,0,0,0,1.300999,0,0,151
424084,1745947,724.5696,709.389,54.01517,779.1783,271.7,0,0,0,2,0,0,0,1.300999,0,0,151
424086,1746517,726.8351,709.389,54.01517,779.1783,271.7,0,0,0,2,0,0,0,1.300999,0,0,151
424088,1746537,726.9199,709.389,54.01517,779.1783,271.7,336.9814,-9.276342E-07,0,2,0,0,0,1.300999,0,0,151
424089,1746542,726.9367,709.389,54.01517,779.1783,271.7,321.9537,-2.168278E-06,0,2,0,0,0,1.300999,0,0,151
424091,1746547,726.9686,709.389,54.01517,779.1783,271.7,292.8683,0,0,2,0,0,0,1.300999,0,0,151
424092,1746552,726.9846,709.389,54.01517,779.1783,271.7,278.7164,0,0,2,0,0,0,1.300999,0,0,151
424094,1746557,727.0099,709.389,54.01517,779.1783,271.7,270,0,0,2,0,0,0,1.300999,0,0,151
424095,1754998,760.7923,709.389,54.01517,779.1783,271.7,0,0,0,0,0,0,0,1.301,0,100,152
424096,1765968,804.668,709.389,54.01517,779.1783,271.7,0,0,0,0,0,0,0,1.300999,0,100,152
424098,1765978,804.6974,709.389,54.01517,779.1783,271.7,0,0,0,2,0,0,0,1.300999,0,0,152
424099,1766618,807.2655,709.389,54.01517,779.1783,271.7,0,0,0,2,0,0,0,1.300999,0,0,152
424101,1767153,809.4048,709.389,54.01517,779.1783,271.7,0,0,0,2,0,0,0,1.300999,0,0,152
424103,1768363,814.2402,709.389,54.01517,779.1783,271.7,0,0,0,2,0,0,0,1.300999,0,0,152
424105,1768838,816.1409,709.389,54.01517,779.1783,271.7,0,0,0,2,0,0,0,1.300999,0,0,152
424107,1768858,816.2227,709.389,54.01517,779.1783,271.7,334.1562,9.486523E-07,0,2,0,0,0,1.300999,0,0,152
424108,1768863,816.2402,709.389,54.01517,779.1783,271.7,318.4834,-2.280489E-06,0,2,0,0,0,1.300999,0,0,152
424109,1768868,816.2577,709.389,54.01517,779.1783,271.7,302.7748,3.154306E-06,0,2,0,0,0,1.300999,0,0,152
424110,1768873,816.277,709.389,54.01517,779.1783,271.7,285.3765,-6.439677E-06,0,2,0,0,0,1.300999,0,0,152
424111,1770577,0,684.4,54.27,779.92,100,1.5,5.337914E-08,0,0,0,0,0,0,0,100,154
424112,1770578,0,850.9,82.5,745.1,2.001673E-07,1.449999,8.500002,0,0,0,0,0,0,0,100,155
424113,1770579,0,843,76.2,797.4,353.9,90,0,0,0,0,0,0,0,0,100,156
424114,1770580,0,826.7,76.2,709.9,26.005,90,0,0,0,0,0,0,0,0,100,157
424115,1770581,0,699.3934,53.35163,779.475,271.7,0,0,0,0,0,0,0,1.301,0,100,158
424116,1770582,0,709.3594,54.02296,778.1788,271.7,270,0,0,0,0,0,0,1.301,0,100,159
424117,1770583,0,734.467,54.07465,781.4354,271.7,270,0,0,0,0,0,0,1.301,0,100,160
424118,1770584,0,759.4263,53.61198,779.6942,271.7,270,0,0,0,0,0,0,1.301,0,100,161
424119,1770602,0.078603,784.356,54.65122,776.9534,271.7,270,0,0,0,0,0,0,0.49,0,100,162
424120,1773859,7.368247,709.389,54.01517,779.1783,271.7,0,0,0,0,0,0,0,1.301,0,100,163
424122,1800314,113.1969,709.389,54.01517,779.1783,271.7,0,0,0,0,0,0,0,1.300999,0,100,163
424124,1800324,113.2279,709.389,54.01517,779.1783,271.7,0,0,0,2,0,0,0,1.300999,0,0,163
424126,1807999,143.9342,709.389,54.01517,779.1783,271.7,0,0,0,2,0,0,0,1.300999,0,0,163
424128,1811609,158.3677,709.389,54.01517,779.1783,271.7,0,0,0,2,0,0,0,1.300999,0,0,163
424130,1813274,165.0354,709.389,54.01517,779.1783,271.7,0,0,0,2,0,0,0,1.300999,0,0,163
424132,1814799,171.1315,709.389,54.01517,779.1783,271.7,0,0,0,2,0,0,0,1.300999,0,0,163
424134,1814814,171.1937,709.389,54.01517,779.1783,271.7,335.0947,9.413106E-07,0,2,0,0,0,1.300999,0,0,163
424135,1814819,171.2048,709.389,54.01517,779.1783,271.7,325.3076,0,0,2,0,0,0,1.300999,0,0,163
424137,1814824,171.2383,709.389,54.01517,779.1783,271.7,295.0132,4.038402E-06,0,2,0,0,0,1.300999,0,0,163
424138,1814829,171.2567,709.389,54.01517,779.1783,271.7,278.9307,0,0,2,0,0,0,1.300999,0,0,163
424139,1814834,171.2742,709.389,54.01517,779.1783,271.7,270,0,0,2,0,0,0,1.300999,0,0,163
424140,1825476,213.8441,709.389,54.01517,779.1783,271.7,0,0,0,0,0,0,0,1.301,0,100,164
424141,1851976,319.8448,709.389,54.01517,779.1783,271.7,0,0,0,0,0,0,0,1.300999,0,100,164
424143,1851986,319.8929,709.389,54.01517,779.1783,271.7,0,0,0,2,0,0,0,1.300999,0,0,164
424144,1853366,325.3993,709.389,54.01517,779.1783,271.7,0,0,0,2,0,0,0,1.300999,0,0,164
424146,1854686,330.6927,709.389,54.01517,779.1783,271.7,0,0,0,2,0,0,0,1.300999,0,0,164
424148,1856471,337.837,709.389,54.01517,779.1783,271.7,0,0,0,2,0,0,0,1.300999,0,0,164
424150,1857976,343.8548,709.389,54.01517,779.1783,271.7,0,0,0,2,0,0,0,1.300999,0,0,164
424152,1857991,343.9151,709.389,54.01517,779.1783,271.7,335.1719,1.881446E-06,0,2,0,0,0,1.300999,0,0,164
424154,1857996,343.9362,709.389,54.01517,779.1783,271.7,316.1327,0,0,2,0,0,0,1.300999,0,0,164
424156,1858001,343.9579,709.389,54.01517,779.1783,271.7,296.6035,-3.813071E-06,0,2,0,0,0,1.300999,0,0,164
424157,1858006,343.969,709.389,54.01517,779.1783,271.7,287.0034,-1.167841E-05,0,2,0,0,0,1.300999,0,0,164
424159,1858011,343.9919,709.389,54.01517,779.1783,271.7,270,0,0,2,0,0,0,1.300999,0,0,164
424161,1875824,415.2588,709.389,54.01517,779.1783,271.7,0,0,0,0,0,0,0,1.301,0,100,165
424162,1880029,432.0718,709.389,54.01517,779.1783,271.7,0,0,0,0,0,0,0,1.300999,0,100,165
424164,1881519,438.0345,709.389,54.01517,779.1783,271.7,0,0,0,2,0,0,0,1.300999,0,0,165
424166,1882999,443.9408,709.389,54.01517,779.1783,271.7,0,0,0,2,0,0,0,1.300999,0,0,165
424168,1884599,450.3457,709.389,54.01517,779.1783,271.7,0,0,0,2,0,0,0,1.300999,0,0,165
424170,1886104,456.371,709.389,54.01517,779.1783,271.7,0,0,0,2,0,0,0,1.300999,0,0,165
424172,1886129,456.4657,709.389,54.01517,779.1783,271.7,336.4386,0,0,2,0,0,0,1.300999,0,0,165
424174,1886144,456.537,709.389,54.01517,779.1783,271.7,272.1366,0,0,2,0,0,0,1.300999,0,0,165
424175,1886149,456.5566,709.389,54.01517,779.1783,271.7,270,0,0,2,0,0,0,1.300999,0,0,165
424176,1900462,513.8143,709.389,54.01517,779.1783,271.7,0,0,0,0,0,0,0,1.301,0,100,166
424177,1903252,524.9771,709.389,54.01517,779.1783,271.7,0,0,0,0,0,0,0,1.300999,0,100,166
424179,1903262,525.0087,709.389,54.01517,779.1783,271.7,0,0,0,2,0,0,0,1.300999,0,0,166
424180,1904977,531.8699,709.389,54.01517,779.1783,271.7,0,0,0,2,0,0,0,1.300999,0,0,166
424182,1906527,538.0635,709.389,54.01517,779.1783,271.7,0,0,0,2,0,0,0,1.300999,0,0,166
424184,1908027,544.0682,709.389,54.01517,779.1783,271.7,0,0,0,2,0,0,0,1.300999,0,0,166
424186,1909432,549.6955,709.389,54.01517,779.1783,271.7,0,0,0,2,0,0,0,1.300999,0,0,166
424188,1909447,549.7571,709.389,54.01517,779.1783,271.7,344.9746,0,0,2,0,0,0,1.300999,0,0,166
424190,1909452,549.778,709.389,54.01517,779.1783,271.7,326.2354,0,0,2,0,0,0,1.300999,0,0,166
424191,1909457,549.7901,709.389,54.01517,779.1783,271.7,315.4662,0,0,2,0,0,0,1.300999,0,0,166
424193,1909462,549.8112,709.389,54.01517,779.1783,271.7,296.2791,0,0,2,0,0,1.05542,0.7600327,-0.03131104,0,166
424195,1909467,549.8329,709.389,54.01517,779.1783,271.7,276.7322,0,0,2,0,0,1.05542,0.7600327,-0.03131104,0,166
424197,1909472,549.8543,709.389,54.01517,779.1783,271.7,270,0,0,2,0,0,1.05542,0.7600327,-0.03131104,0,166
424198,1917534,582.1047,709.389,54.01517,779.1783,271.7,0,0,0,0,0,0,0,1.301,0,100,167
424199,1929564,630.2274,709.389,54.01517,779.1783,271.7,0,0,0,0,0,0,0,1.300999,0,100,167
424201,1929579,630.2973,709.389,54.01517,779.1783,271.7,0,0,0,2,0,0,0,1.300999,0,0,167
424202,1931219,636.8539,709.389,54.01517,779.1783,271.7,0,0,0,2,0,0,0,1.300999,0,0,167
424204,1932924,643.6621,709.389,54.01517,779.1783,271.7,0,0,0,2,0,0,0,1.300999,0,0,167
424206,1934489,649.9374,709.389,54.01517,779.1783,271.7,0,0,0,2,0,0,0,1.300999,0,0,167
424208,1936169,656.658,709.389,54.01517,779.1783,271.7,0,0,0,2,0,0,0,1.300999,0,0,167
424210,1936189,656.7296,709.389,54.01517,779.1783,271.7,333.0658,0,0,2,0,0,0,1.300999,0,0,167
424212,1936194,656.7511,709.389,54.01517,779.1783,271.7,313.7528,0,0,2,0,0,0,1.300999,0,0,167
424214,1936199,656.7723,709.389,54.01517,779.1783,271.7,294.6356,-4.096353E-06,0,2,0,0,0.9393311,0.899704,-0.02789307,0,167
424216,1936204,656.7936,709.389,54.01517,779.1783,271.7,275.4659,-1.792622E-05,0,2,0,0,0.9393311,0.899704,-0.02789307,0,167
424218,1936209,656.8165,709.389,54.01517,779.1783,271.7,270,0,0,2,0,0,0.9393311,0.899704,-0.02789307,0,167
424219,1945591,694.3485,709.389,54.01517,779.1783,271.7,0,0,0,0,0,0,0,1.301,0,100,168
424221,1960121,752.4711,709.389,54.01517,779.1783,271.7,0,0,0,0,0,0,0,1.300999,0,100,168
424223,1960131,752.5073,709.389,54.01517,779.1783,271.7,0,0,0,2,0,0,0,1.300999,0,0,168
424224,1962016,760.0456,709.389,54.01517,779.1783,271.7,0,0,0,2,0,0,0,1.300999,0,0,168
424226,1963241,764.9509,709.389,54.01517,779.1783,271.7,0,0,0,2,0,0,0,1.300999,0,0,168
424228,1964691,770.752,709.389,54.01517,779.1783,271.7,0,0,0,2,0,0,0,1.300999,0,0,168
424230,1966221,776.865,709.389,54.01517,779.1783,271.7,0,0,0,2,0,0,0,1.300999,0,0,168
424232,1966241,776.9534,709.389,54.01517,779.1783,271.7,339.365,1.824607E-06,0,2,0,0,0,1.300999,0,0,168
424233,1966246,776.9688,709.389,54.01517,779.1783,271.7,325.7274,-2.066331E-06,0,2,0,0,0,1.300999,0,0,168
424234,1966251,776.9854,709.389,54.01517,779.1783,271.7,310.6772,0,0,2,0,0,0,1.300999,0,0,168
424235,1966256,777.0023,709.389,54.01517,779.1783,271.7,295.5789,3.954908E-06,0,2,0,0,0,1.300999,0,0,168
424237,1966261,777.0375,709.389,54.01517,779.1783,271.7,270,0,0,2,0,0,0,1.300999,0,0,168
424238,1971705,0,684.4,54.27,779.92,100,1.5,5.337914E-08,0,0,0,0,0,0,0,100,170
424239,1971706,0,850.9,82.5,745.1,2.001673E-07,1.449999,8.500002,0,0,0,0,0,0,0,100,171
424240,1971707,0,843,76.2,797.4,353.9,90,0,0,0,0,0,0,0,0,100,172
424241,1971708,0,826.7,76.2,709.9,26.005,90,0,0,0,0,0,0,0,0,100,173
424242,1971709,0,699.3934,53.35163,779.475,271.7,0,0,0,0,0,0,0,1.301,0,100,174
424243,1971710,0,709.3594,54.02296,778.1788,271.7,270,0,0,0,0,0,0,1.301,0,100,175
424244,1971711,0,734.467,54.07465,781.4354,271.7,270,0,0,0,0,0,0,1.301,0,100,176
424245,1971712,0,759.4263,53.61198,779.6942,271.7,270,0,0,0,0,0,0,1.301,0,100,177
424246,1971713,0,784.356,54.65122,776.9534,271.7,270,0,0,0,0,0,0,0.49,0,100,178
424247,1974681,6.729291,709.389,54.01517,779.1783,271.7,0,0,0,0,0,0,0,1.301,0,100,179
424249,1985916,51.67016,709.389,54.01517,779.1783,271.7,0,0,0,0,0,0,0,1.300999,0,100,179
424251,1991346,73.40086,709.389,54.01517,779.1783,271.7,0,0,0,2,0,0,0,1.300999,0,0,179
424253,1996271,93.09622,709.389,54.01517,779.1783,271.7,0,0,0,2,0,0,0,1.300999,0,0,179
424255,1998156,100.6457,709.389,54.01517,779.1783,271.7,0,0,0,2,0,0,0,1.300999,0,0,179
424257,2003956,123.8444,709.389,54.01517,779.1783,271.7,0,0,0,2,0,0,0,1.300999,0,0,179
424259,2003971,123.9065,709.389,54.01517,779.1783,271.7,345.5717,8.815784E-07,0,2,0,0,0,1.300999,0,0,179
424260,2003976,123.9176,709.389,54.01517,779.1783,271.7,335.7894,-9.361102E-07,0,2,0,0,0,1.300999,0,0,179
424262,2003981,123.9385,709.389,54.01517,779.1783,271.7,316.7453,0,0,2,0,0,0,1.300999,0,0,179
424264,2003986,123.9598,709.389,54.01517,779.1783,271.7,297.6488,0,0,2,0,0,0,1.300999,0,0,179
424266,2003991,123.9839,709.389,54.01517,779.1783,271.7,275.8561,0,0,2,0,0,0,1.300999,0,0,179
424268,2003996,124.0061,709.389,54.01517,779.1783,271.7,270,0,0,2,0,0,0,1.300999,0,0,179
424269,2007083,136.3548,709.389,54.01517,779.1783,271.7,0,0,0,0,0,0,0,1.301,0,100,180
424270,2012948,159.8188,709.389,54.01517,779.1783,271.7,0,0,0,0,0,0,0,1.300999,0,100,180
424272,2020273,189.1207,709.389,54.01517,779.1783,271.7,0,0,0,2,0,0,0,1.300999,0,0,180
424274,2022008,196.0643,709.389,54.01517,779.1783,271.7,0,0,0,2,0,0,0,1.300999,0,0,180
424275,2022693,198.7972,709.389,54.01517,779.1783,271.7,0,0,0,2,0,0,0,1.300999,0,0,180
424277,2023323,201.3266,709.389,54.01517,779.1783,271.7,0,0,0,2,0,0,0,1.300999,0,0,180
424279,2030585,230.3815,709.389,54.01517,779.1783,271.7,0,0,0,0,0,0,0,1.301,0,100,181
424280,2059940,347.7927,709.389,54.01517,779.1783,271.7,0,0,0,0,0,0,0,1.300999,0,100,181
424282,2059950,347.8368,709.389,54.01517,779.1783,271.7,0,0,0,2,0,0,0,1.300999,0,0,181
424283,2063035,360.18,709.389,54.01517,779.1783,271.7,0,0,0,2,0,0,0,1.300999,0,0,181
424285,2067075,376.3385,709.389,54.01517,779.1783,271.7,0,0,0,2,0,0,0,1.300999,0,0,181
424287,2067670,378.7233,709.389,54.01517,779.1783,271.7,0,0,0,2,0,0,0,1.300999,0,0,181
424289,2068365,381.5011,709.389,54.01517,779.1783,271.7,0,0,0,2,0,0,0,1.300999,0,0,181
424291,2068395,381.6205,709.389,54.01517,779.1783,271.7,298.6032,3.566744E-06,0,2,0,0,0,1.300999,0,0,181
424293,2068400,381.6416,709.389,54.01517,779.1783,271.7,279.257,-1.061497E-05,0,2,0,0,0,1.300999,0,0,181
424295,2068405,381.6637,709.389,54.01517,779.1783,271.7,270,0,0,2,0,0,0,1.300999,0,0,181
424296,2075557,410.276,709.389,54.01517,779.1783,271.7,0,0,0,0,0,0,0,1.301,0,100,182
424297,2094507,486.08,709.389,54.01517,779.1783,271.7,0,0,0,0,0,0,0,1.300999,0,100,182
424299,2094517,486.12,709.389,54.01517,779.1783,271.7,0,0,0,2,0,0,0,1.300999,0,0,182
424300,2095147,488.633,709.389,54.01517,779.1783,271.7,0,0,0,2,0,0,0,1.300999,0,0,182
424302,2095627,490.5575,709.389,54.01517,779.1783,271.7,0,0,0,2,0,0,0,1.300999,0,0,182
424304,2096247,493.036,709.389,54.01517,779.1783,271.7,0,0,0,2,0,0,0,1.300999,0,0,182
424306,2096817,495.3203,709.389,54.01517,779.1783,271.7,0,0,0,2,0,0,0,1.300999,0,0,182
424308,2096837,495.4058,709.389,54.01517,779.1783,271.7,333.9899,9.499917E-07,0,2,0,0,0,1.300999,0,0,182
424309,2096842,495.4187,709.389,54.01517,779.1783,271.7,322.7241,0,0,2,0,0,0,1.300999,0,0,182
424311,2096847,495.4437,709.389,54.01517,779.1783,271.7,299.8935,-3.426131E-06,0,2,0,0,0,1.300999,0,0,182
424313,2096852,495.4657,709.389,54.01517,779.1783,271.7,280.0987,0,0,2,0,0,0,1.300999,0,0,182
424314,2096857,495.4794,709.389,54.01517,779.1783,271.7,270,0,0,2,0,0,0,1.300999,0,0,182
424316,2104425,525.7449,709.389,54.01517,779.1783,271.7,0,0,0,0,0,0,0,1.301,0,100,183
424317,2115790,571.2262,709.389,54.01517,779.1783,271.7,0,0,0,0,0,0,0,1.300999,0,100,183
424319,2115805,571.2675,709.389,54.01517,779.1783,271.7,0,0,0,2,0,0,0,1.300999,0,0,183
424320,2116350,573.4577,709.389,54.01517,779.1783,271.7,0,0,0,2,0,0,0,1.300999,0,0,183
424322,2117025,576.1625,709.389,54.01517,779.1783,271.7,0,0,0,2,0,0,0,1.300999,0,0,183
424324,2117645,578.6371,709.389,54.01517,779.1783,271.7,0,0,0,2,0,0,0,1.300999,0,0,183
424326,2118395,581.6319,709.389,54.01517,779.1783,271.7,0,0,0,2,0,0,0,1.300999,0,0,183
424328,2118415,581.7108,709.389,54.01517,779.1783,271.7,336.1988,9.331361E-07,0,2,0,0,0,1.300999,0,0,183
424330,2118420,581.7458,709.389,54.01517,779.1783,271.7,304.3647,0,0,2,0,0,0,1.300999,0,0,183
424331,2118425,581.7661,709.389,54.01517,779.1783,271.7,286.4447,6.031825E-06,0,2,0,0,0,1.300999,0,0,183
424332,2123382,601.596,709.389,54.01517,779.1783,271.7,0,0,0,0,0,0,0,1.301,0,100,184
424333,2136477,653.9857,709.389,54.01517,779.1783,271.7,0,0,0,0,0,0,0,1.300999,0,100,184
424335,2136487,654.019,709.389,54.01517,779.1783,271.7,0,0,0,2,0,0,0,1.300999,0,0,184
424336,2137052,656.2822,709.389,54.01517,779.1783,271.7,0,0,0,2,0,0,0,1.300999,0,0,184
424338,2137647,658.6653,709.389,54.01517,779.1783,271.7,0,0,0,2,0,0,0,1.300999,0,0,184
424340,2138272,661.1541,709.389,54.01517,779.1783,271.7,0,0,0,2,0,0,0,1.300999,0,0,184
424342,2138882,663.5989,709.389,54.01517,779.1783,271.7,0,0,0,2,0,0,0,1.300999,0,0,184
424344,2138902,663.6772,709.389,54.01517,779.1783,271.7,337.3582,0,0,2,0,0,0,1.300999,0,0,184
424345,2138907,663.6961,709.389,54.01517,779.1783,271.7,320.2625,0,0,2,0,0,0,1.300999,0,0,184
424346,2138912,663.7136,709.389,54.01517,779.1783,271.7,304.6663,0,0,2,0,0,0,1.300999,0,0,184
424347,2138917,663.7303,709.389,54.01517,779.1783,271.7,289.5023,-5.114809E-06,0,2,0,0,0,1.300999,0,0,184
424349,2138922,663.7654,709.389,54.01517,779.1783,271.7,270,0,0,2,0,0,0,1.300999,0,0,184
424350,2149949,707.8741,709.389,54.01517,779.1783,271.7,0,0,0,0,0,0,0,1.301,0,100,185
424351,2152679,718.7999,709.389,54.01517,779.1783,271.7,0,0,0,0,0,0,0,1.300999,0,100,185
424353,2153104,720.5005,709.389,54.01517,779.1783,271.7,0,0,0,2,0,0,0,1.300999,0,0,185
424355,2153619,722.5662,709.389,54.01517,779.1783,271.7,0,0,0,2,0,0,0,1.300999,0,0,185
424357,2154124,724.577,709.389,54.01517,779.1783,271.7,0,0,0,2,0,0,0,1.300999,0,0,185
424359,2160272,0,684.4,54.27,779.92,100,1.5,5.337914E-08,0,0,0,0,0,0,0,100,186
424360,2160273,0,850.9,82.5,745.1,2.001673E-07,1.449999,8.500002,0,0,0,0,0,0,0,100,187
424361,2160274,0,843,76.2,797.4,353.9,90,0,0,0,0,0,0,0,0,100,188
424362,2160275,0,826.7,76.2,709.9,26.005,90,0,0,0,0,0,0,0,0,100,189
424363,2160276,0,699.3934,53.35163,779.475,271.7,0,0,0,0,0,0,0,1.301,0,100,190
424364,2160277,0,709.3594,54.02296,778.1788,271.7,270,0,0,0,0,0,0,1.301,0,100,191
424365,2160278,0,734.467,54.07465,781.4354,271.7,270,0,0,0,0,0,0,1.301,0,100,192
424366,2160279,0,759.4263,53.61198,779.6942,271.7,270,0,0,0,0,0,0,1.301,0,100,193
424367,2160280,0,784.356,54.65122,776.9534,271.7,270,0,0,0,0,0,0,0.49,0,100,194
424368,2163991,8.419056,709.389,54.01517,779.1783,271.7,0,0,0,0,0,0,0,1.301,0,100,195
424369,2187856,103.8828,709.389,54.01517,779.1783,271.7,0,0,0,0,0,0,0,1.300999,0,100,195
424371,2187866,103.9241,709.389,54.01517,779.1783,271.7,0,0,0,2,0,0,0,1.300999,0,0,195
424373,2190936,116.2063,709.389,54.01517,779.1783,271.7,0,0,0,2,0,0,0,1.300999,0,0,195
424375,2191321,117.7481,709.389,54.01517,779.1783,271.7,0,0,0,2,0,0,0,1.300999,0,0,195
424377,2191686,119.2114,709.389,54.01517,779.1783,271.7,0,0,0,2,0,0,0,1.300999,0,0,195
424379,2192101,120.8586,709.389,54.01517,779.1783,271.7,0,0,0,2,0,0,0,1.300999,0,0,195
424381,2192121,120.9432,709.389,54.01517,779.1783,271.7,339.3454,0,0,2,0,0,0,1.300999,0,0,195
424383,2192126,120.9748,709.389,54.01517,779.1783,271.7,310.5881,0,0,2,0,0,0,1.300999,0,0,195
424384,2192131,120.9905,709.389,54.01517,779.1783,271.7,296.8759,3.777269E-06,0,2,0,0,0,1.300999,0,0,195
424385,2192136,121.0046,709.389,54.01517,779.1783,271.7,284.2026,0,0,2,0,0,0,1.300999,0,0,195
424387,2192141,121.0346,709.389,54.01517,779.1783,271.7,270,0,0,2,0,0,0,1.300999,0,0,195
424388,2201384,158.0148,709.389,54.01517,779.1783,271.7,0,0,0,0,0,0,0,1.301,0,100,196
424389,2228829,267.7945,709.389,54.01517,779.1783,271.7,0,0,0,0,0,0,0,1.300999,0,100,196
424391,2228839,267.8298,709.389,54.01517,779.1783,271.7,0,0,0,2,0,0,0,1.300999,0,0,196
424392,2232434,282.2094,709.389,54.01517,779.1783,271.7,0,0,0,2,0,0,0,1.300999,0,0,196
424394,2235299,293.6702,709.389,54.01517,779.1783,271.7,0,0,0,2,0,0,0,1.300999,0,0,196
424396,2238394,306.054,709.389,54.01517,779.1783,271.7,0,0,0,2,0,0,0,1.300999,0,0,196
424398,2240914,316.126,709.389,54.01517,779.1783,271.7,0,0,0,2,0,0,0,1.300999,0,0,196
424400,2240924,316.1757,709.389,54.01517,779.1783,271.7,343.6474,0,0,2,0,0,0,1.300999,0,0,196
424401,2240929,316.1873,709.389,54.01517,779.1783,271.7,333.616,-9.530469E-07,0,2,0,0,0,1.300999,0,0,196
424403,2240934,316.2112,709.389,54.01517,779.1783,271.7,311.7043,0,0,2,0,0,0,1.300999,0,0,196
424405,2240939,316.2333,709.389,54.01517,779.1783,271.7,291.7787,0,0,2,0,0,0,1.300999,0,0,196
424407,2240944,316.256,709.389,54.01517,779.1783,271.7,271.3959,-7.009061E-05,0,2,0,0,0,1.300999,0,0,196
424408,2240949,316.2665,709.389,54.01517,779.1783,271.7,270,0,0,2,0,0,0,1.300999,0,0,196
424410,2248496,346.4723,709.389,54.01517,779.1783,271.7,0,0,0,0,0,0,0,1.301,0,100,197
424411,2257801,383.6911,709.389,54.01517,779.1783,271.7,0,0,0,0,0,0,0,1.300999,0,100,197
424413,2257811,383.7253,709.389,54.01517,779.1783,271.7,0,0,0,2,0,0,0,1.300999,0,0,197
424414,2259791,391.6479,709.389,54.01517,779.1783,271.7,0,0,0,2,0,0,0,1.300999,0,0,197
424416,2262001,400.4872,709.389,54.01517,779.1783,271.7,0,0,0,2,0,0,0,1.300999,0,0,197
424418,2264166,409.1552,709.389,54.01517,779.1783,271.7,0,0,0,2,0,0,0,1.300999,0,0,197
424420,2266121,416.9738,709.389,54.01517,779.1783,271.7,0,0,0,2,0,0,0,1.300999,0,0,197
424422,2266136,417.0353,709.389,54.01517,779.1783,271.7,334.3653,9.469844E-07,0,2,0,0,0,1.300999,0,0,197
424423,2266141,417.0486,709.389,54.01517,779.1783,271.7,322.6783,2.1472E-06,0,2,0,0,0,1.300999,0,0,197
424425,2266146,417.0713,709.389,54.01517,779.1783,271.7,301.8972,-3.231557E-06,0,2,0,0,0,1.300999,0,0,197
424427,2266151,417.093,709.389,54.01517,779.1783,271.7,282.3958,0,0,2,0,0,0,1.300999,0,0,197
424429,2266156,417.1139,709.389,54.01517,779.1783,271.7,270,0,0,2,0,0,0,1.300999,0,0,197
424431,2270463,434.3383,709.389,54.01517,779.1783,271.7,0,0,0,0,0,0,0,1.301,0,100,198
424432,2281213,477.3474,709.389,54.01517,779.1783,271.7,0,0,0,0,0,0,0,1.300999,0,100,198
424434,2283588,486.8457,709.389,54.01517,779.1783,271.7,0,0,0,2,0,0,0,1.300999,0,0,198
424436,2285843,495.8634,709.389,54.01517,779.1783,271.7,0,0,0,2,0,0,0,1.300999,0,0,198
424438,2287858,503.9305,709.389,54.01517,779.1783,271.7,0,0,0,2,0,0,0,1.300999,0,0,198
424440,2290988,516.4441,709.389,54.01517,779.1783,271.7,0,0,0,2,0,0,0,1.300999,0,0,198
424442,2291013,516.5491,709.389,54.01517,779.1783,271.7,333.6626,0,0,2,0,0,0,1.300999,0,0,198
424444,2291018,516.5713,709.389,54.01517,779.1783,271.7,313.8518,-2.46472E-06,0,2,0,0,0,1.300999,0,0,198
424446,2291023,516.5956,709.389,54.01517,779.1783,271.7,291.8707,-4.58386E-06,0,2,0,0,0,1.300999,0,0,198
424447,2291028,516.6064,709.389,54.01517,779.1783,271.7,282.3411,1.597846E-05,0,2,0,0,0,1.300999,0,0,198
424449,2291033,516.6288,709.389,54.01517,779.1783,271.7,270,0,0,2,0,0,0,1.300999,0,0,198
424451,2301170,557.1894,709.389,54.01517,779.1783,271.7,0,0,0,0,0,0,0,1.301,0,100,199
424452,2306225,577.4138,709.389,54.01517,779.1783,271.7,0,0,0,0,0,0,0,1.300999,0,100,199
424454,2306235,577.4481,709.389,54.01517,779.1783,271.7,0,0,0,2,0,0,0,1.300999,0,0,199
424455,2308245,585.495,709.389,54.01517,779.1783,271.7,0,0,0,2,0,0,0,1.300999,0,0,199
424457,2310490,594.4725,709.389,54.01517,779.1783,271.7,0,0,0,2,0,0,0,1.300999,0,0,199
424459,2313200,605.309,709.389,54.01517,779.1783,271.7,0,0,0,2,0,0,0,1.300999,0,0,199
424461,2316125,617.0048,709.389,54.01517,779.1783,271.7,0,0,0,2,0,0,0,1.300999,0,0,199
424463,2316140,617.0659,709.389,54.01517,779.1783,271.7,342.2174,0,0,2,0,0,0,1.300999,0,0,199
424465,2316145,617.0911,709.389,54.01517,779.1783,271.7,319.3913,0,0,2,0,0,0,1.300999,0,0,199
424466,2316150,617.1048,709.389,54.01517,779.1783,271.7,307.4655,0,0,2,0,0,0,1.300999,0,0,199
424468,2316155,617.1353,709.389,54.01517,779.1783,271.7,279.6098,-1.022866E-05,0,2,0,0,1.032166,0.791378,-0.03063965,0,199
424469,2316160,617.1504,709.389,54.01517,779.1783,271.7,270,0,0,2,0,0,1.032166,0.791378,-0.03063965,0,199
424471,2320683,635.2543,709.389,54.01517,779.1783,271.7,0,0,0,0,0,0,0,1.301,0,100,200
424472,2330493,674.4932,709.389,54.01517,779.1783,271.7,0,0,0,0,0,0,0,1.300999,0,100,200
424474,2330503,674.5269,709.389,54.01517,779.1783,271.7,0,0,0,2,0,0,0,1.300999,0,0,200
424475,2332678,683.2313,709.389,54.01517,779.1783,271.7,0,0,0,2,0,0,0,1.300999,0,0,200
424477,2334813,691.7751,709.389,54.01517,779.1783,271.7,0,0,0,2,0,0,0,1.300999,0,0,200
424479,2336898,700.1077,709.389,54.01517,779.1783,271.7,0,0,0,2,0,0,0,1.300999,0,0,200
424481,2338813,707.7663,709.389,54.01517,779.1783,271.7,0,0,0,2,0,0,0,1.300999,0,0,200
424483,2338828,707.8277,709.389,54.01517,779.1783,271.7,338.1272,-9.200021E-07,0,2,0,0,0,1.300999,0,0,200
424484,2338833,707.8442,709.389,54.01517,779.1783,271.7,323.5311,2.123342E-06,0,2,0,0,0,1.300999,0,0,200
424485,2338838,707.8616,709.389,54.01517,779.1783,271.7,307.6902,2.792889E-06,0,2,0,0,0,1.300999,0,0,200
424486,2338858,707.9492,709.389,54.01517,779.1783,271.7,270,0,0,2,0,0,0,1.300999,0,0,200
424487,2342838,0,684.4,54.27,779.92,100,1.5,5.337914E-08,0,0,0,0,0,0,0,100,201
424488,2342839,0,850.9,82.5,745.1,2.001673E-07,1.449999,8.500002,0,0,0,0,0,0,0,100,202
424489,2342840,0,843,76.2,797.4,353.9,90,0,0,0,0,0,0,0,0,100,203
424490,2342841,0,826.7,76.2,709.9,26.005,90,0,0,0,0,0,0,0,0,100,204
424491,2342842,0,699.3934,53.35163,779.475,271.7,0,0,0,0,0,0,0,1.301,0,100,205
424492,2342843,0,709.3594,54.02296,778.1788,271.7,270,0,0,0,0,0,0,1.301,0,100,206
424493,2342844,0,734.467,54.07465,781.4354,271.7,270,0,0,0,0,0,0,1.301,0,100,207
424494,2342845,0,759.4263,53.61198,779.6942,271.7,270,0,0,0,0,0,0,1.301,0,100,208
424495,2342846,0,784.356,54.65122,776.9534,271.7,270,0,0,0,0,0,0,0.49,0,100,209
424496,2346121,7.37193,709.389,54.01517,779.1783,271.7,0,0,0,0,0,0,0,1.301,0,100,210
424497,2392961,194.7273,709.389,54.01517,779.1783,271.7,0,0,0,0,0,0,0,1.300999,0,100,210
424498,2397011,210.932,709.389,54.01517,779.1783,271.7,0,0,0,0,0,0,0,1.300999,0,100,210
424500,2397021,210.9713,709.389,54.01517,779.1783,271.7,0,0,0,2,0,0,0,1.300999,0,0,210
424501,2397931,214.6116,709.389,54.01517,779.1783,271.7,0,0,0,2,0,0,0,1.300999,0,0,210
424503,2398656,217.5164,709.389,54.01517,779.1783,271.7,0,0,0,2,0,0,0,1.300999,0,0,210
424505,2399401,220.4863,709.389,54.01517,779.1783,271.7,0,0,0,2,0,0,0,1.300999,0,0,210
424507,2406363,248.3058,709.389,54.01517,779.1783,271.7,0,0,0,0,0,0,0,1.301,0,100,211
424508,2439398,380.4914,709.389,54.01517,779.1783,271.7,0,0,0,0,0,0,0,1.300999,0,100,211
424510,2440123,383.3895,709.389,54.01517,779.1783,271.7,0,0,0,2,0,0,0,1.300999,0,0,211
424512,2440758,385.9286,709.389,54.01517,779.1783,271.7,0,0,0,2,0,0,0,1.300999,0,0,211
424514,2441403,388.5164,709.389,54.01517,779.1783,271.7,0,0,0,2,0,0,0,1.300999,0,0,211
424516,2442068,391.1686,709.389,54.01517,779.1783,271.7,0,0,0,2,0,0,0,1.300999,0,0,211
424518,2442083,391.2326,709.389,54.01517,779.1783,271.7,339.9606,9.087949E-07,0,2,0,0,0,1.300999,0,0,211
424519,2442088,391.2494,709.389,54.01517,779.1783,271.7,324.9115,2.08679E-06,0,2,0,0,0,1.300999,0,0,211
424520,2442093,391.2666,709.389,54.01517,779.1783,271.7,309.6344,0,0,2,0,0,0,1.300999,0,0,211
424521,2442098,391.2838,709.389,54.01517,779.1783,271.7,294.3836,0,0,2,0,0,0,1.300999,0,0,211
424523,2442103,391.3173,709.389,54.01517,779.1783,271.7,270,0,0,2,0,0,0,1.300999,0,0,211
424524,2445610,405.3349,709.389,54.01517,779.1783,271.7,0,0,0,0,0,0,0,1.301,0,100,212
424525,2466175,487.6094,709.389,54.01517,779.1783,271.7,0,0,0,0,0,0,0,1.300999,0,100,212
424527,2466185,487.6449,709.389,54.01517,779.1783,271.7,0,0,0,2,0,0,0,1.300999,0,0,212
424528,2466825,490.2077,709.389,54.01517,779.1783,271.7,0,0,0,2,0,0,0,1.300999,0,0,212
424530,2467455,492.7208,709.389,54.01517,779.1783,271.7,0,0,0,2,0,0,0,1.300999,0,0,212
424532,2467955,494.7355,709.389,54.01517,779.1783,271.7,0,0,0,2,0,0,0,1.300999,0,0,212
424534,2468470,496.7849,709.389,54.01517,779.1783,271.7,0,0,0,2,0,0,0,1.300999,0,0,212
424536,2468490,496.8708,709.389,54.01517,779.1783,271.7,330.472,0,0,2,0,0,0,1.300999,0,0,212
424538,2468495,496.8958,709.389,54.01517,779.1783,271.7,307.9965,2.773735E-06,0,2,0,0,0.6409302,1.132019,-0.01904297,0,212
424539,2468500,496.9087,709.389,54.01517,779.1783,271.7,296.6882,0,0,2,0,0,0.6409302,1.132019,-0.01904297,0,212
424541,2468505,496.9301,709.389,54.01517,779.1783,271.7,277.1245,0,0,2,0,0,0.6409302,1.132019,-0.01904297,0,212
424543,2468510,496.9528,709.389,54.01517,779.1783,271.7,270,0,0,2,0,0,0.6409302,1.132019,-0.01904297,0,212
424544,2477772,534.0013,709.389,54.01517,779.1783,271.7,0,0,0,0,0,0,0,1.301,0,100,213
424545,2487462,572.7737,709.389,54.01517,779.1783,271.7,0,0,0,0,0,0,0,1.300999,0,100,213
424546,2488137,575.4741,709.389,54.01517,779.1783,271.7,0,0,0,0,0,0,0,1.300999,0,100,213
424548,2488147,575.5074,709.389,54.01517,779.1783,271.7,0,0,0,2,0,0,0,1.300999,0,0,213
424549,2488907,578.5431,709.389,54.01517,779.1783,271.7,0,0,0,2,0,0,0,1.300999,0,0,213
424551,2489572,581.2139,709.389,54.01517,779.1783,271.7,0,0,0,2,0,0,0,1.300999,0,0,213
424553,2498414,616.5854,709.389,54.01517,779.1783,271.7,0,0,0,0,0,0,0,1.301,0,100,214
424555,2509034,659.0674,709.389,54.01517,779.1783,271.7,0,0,0,0,0,0,0,1.300999,0,100,214
424556,2509619,661.4071,709.389,54.01517,779.1783,271.7,0,0,0,0,0,0,0,1.300999,0,100,214
424557,2510179,663.657,709.389,54.01517,779.1783,271.7,0,0,0,0,0,0,0,1.300999,0,100,214
424559,2510194,663.7035,709.389,54.01517,779.1783,271.7,0,0,0,2,0,0,0,1.300999,0,0,214
424560,2510754,665.9406,709.389,54.01517,779.1783,271.7,0,0,0,2,0,0,0,1.300999,0,0,214
424562,2511234,667.8629,709.389,54.01517,779.1783,271.7,0,0,0,2,0,0,0,1.300999,0,0,214
424564,2517292,692.1115,709.389,54.01517,779.1783,271.7,0,0,0,0,0,0,0,1.301,0,100,215
424565,2528387,736.4948,709.389,54.01517,779.1783,271.7,0,0,0,0,0,0,0,1.300999,0,100,215
424567,2528397,736.5289,709.389,54.01517,779.1783,271.7,0,0,0,2,0,0,0,1.300999,0,0,215
424568,2529032,739.0659,709.389,54.01517,779.1783,271.7,0,0,0,2,0,0,0,1.300999,0,0,215
424570,2530057,743.1643,709.389,54.01517,779.1783,271.7,0,0,0,2,0,0,0,1.300999,0,0,215
424572,2531177,747.6522,709.389,54.01517,779.1783,271.7,0,0,0,2,0,0,0,1.300999,0,0,215
