Id,TimeStamp,BulletId,Stability,WasHit,BulletName,WeaponStatusId,WeaponStatusSimEngId,TrainingSessionId,WeatherId,BurstId,BulletTerminated,FireImage_id
1,21.30233,1,0.3124848,1,9MM_LUGER,3336469,1550,2,4,NULL,1,NULL
2,22.42071,3,0.2809797,1,9MM_LUGER,3336506,1614,2,4,NULL,1,NULL
3,23.7424,5,0.1768512,1,9MM_LUGER,3336553,1706,2,4,NULL,1,NULL
4,39.05727,7,0.3472201,1,9MM_LUGER,3336936,2840,2,4,NULL,1,NULL
5,40.01576,9,0.1970157,1,9MM_LUGER,3336975,2910,2,4,NULL,1,NULL
6,104.1647,11,0.3188598,1,9MM_LUGER,3338370,7280,3,4,NULL,1,NULL
7,105.8997,13,0.476472,1,9MM_LUGER,3338433,7413,3,4,NULL,1,NULL
8,107.4966,15,0.3578883,1,9MM_LUGER,3338496,7543,3,4,NULL,1,NULL
9,109.0274,17,0.1832517,1,9MM_LUGER,3338551,7656,3,4,NULL,1,NULL
10,110.7831,19,0.1437258,1,9MM_LUGER,3338614,7786,3,4,NULL,1,NULL
11,140.11,21,0.2239833,1,9MM_LUGER,3339170,9892,4,4,NULL,1,NULL
12,141.5465,23,0.2189255,1,9MM_LUGER,3339227,10009,4,4,NULL,1,NULL
13,143.326,25,0.1880349,0,9MM_LUGER,3339290,10138,4,4,NULL,1,NULL
14,145.015,27,0.2959991,1,9MM_LUGER,3339361,10261,4,4,NULL,1,NULL
15,146.4965,29,0.2970344,1,9MM_LUGER,3339416,10345,4,4,NULL,1,NULL
16,148.1188,31,0.2859029,1,9MM_LUGER,3339478,10439,4,4,NULL,1,NULL
17,179.1098,33,0.3150872,1,9MM_LUGER,3340114,12249,5,4,NULL,1,NULL
18,181.4631,35,0.1296411,1,9MM_LUGER,3340199,12389,5,4,NULL,1,NULL
19,183.4248,37,0.1808671,1,9MM_LUGER,3340274,12502,5,4,NULL,1,NULL
20,185.5911,39,0.2389057,1,9MM_LUGER,3340356,12621,5,4,NULL,1,NULL
21,187.5994,41,0.1818973,1,9MM_LUGER,3340425,12732,5,4,NULL,1,NULL
22,207.4995,43,0.1552019,1,9MM_LUGER,3340851,14025,6,4,NULL,1,NULL
23,209.0977,45,0.353228,1,9MM_LUGER,3340908,14137,6,4,NULL,1,NULL
24,210.4663,47,0.2238309,1,9MM_LUGER,3340963,14221,6,4,NULL,1,NULL
25,211.7233,49,0.1712236,1,9MM_LUGER,3341012,14325,6,4,NULL,1,NULL
26,213.1136,51,0.1866543,1,9MM_LUGER,3341065,14402,6,4,NULL,1,NULL
27,242.2582,53,0.4688639,1,9MM_LUGER,3341655,16562,7,4,NULL,1,NULL
28,243.6485,55,0.2196133,1,9MM_LUGER,3341709,16678,7,4,NULL,1,NULL
29,244.9486,57,0.1856955,1,9MM_LUGER,3341763,16779,7,4,NULL,1,NULL
30,248.5322,59,0.3447367,1,9MM_LUGER,3341893,17022,7,4,NULL,1,NULL
31,249.8577,61,0.2061349,1,9MM_LUGER,3341943,17118,7,4,NULL,1,NULL
32,26.91917,63,0.4239677,0,9MM_LUGER,3343776,23623,9,9,NULL,1,NULL
33,44.28408,65,0.3428786,1,9MM_LUGER,3344166,24639,9,9,NULL,1,NULL
34,47.59182,67,0.6345597,1,9MM_LUGER,3344277,24840,9,9,NULL,1,NULL
35,50.12661,69,0.507051,0,9MM_LUGER,3344364,24975,9,9,NULL,1,NULL
36,52.29615,71,0.2317516,1,9MM_LUGER,3344444,25134,9,9,NULL,1,NULL
37,54.57827,73,0.2641386,1,9MM_LUGER,3344530,25302,9,9,NULL,1,NULL
38,57.33785,75,0.1690156,1,9MM_LUGER,3344630,25524,9,9,NULL,1,NULL
39,93.28335,77,0.3105298,1,9MM_LUGER,3345339,28011,10,9,NULL,1,NULL
40,95.95149,79,0.3712195,1,9MM_LUGER,3345437,28204,10,9,NULL,1,NULL
41,98.30389,81,0.2557628,1,9MM_LUGER,3345529,28387,10,9,NULL,1,NULL
42,100.7686,83,0.1077013,1,9MM_LUGER,3345619,28578,10,9,NULL,1,NULL
43,103.5738,85,0.3161654,1,9MM_LUGER,3345725,28779,10,9,NULL,1,NULL
44,135.5489,87,0.3373782,1,9MM_LUGER,3346355,31033,11,9,NULL,1,NULL
45,138.9714,89,0.2036364,1,9MM_LUGER,3346470,31258,11,9,NULL,1,NULL
46,140.7971,91,0.2814896,0,9MM_LUGER,3346542,31396,11,9,NULL,1,NULL
47,143.1249,93,0.2136033,1,9MM_LUGER,3346627,31571,11,9,NULL,1,NULL
48,145.7476,95,0.2307357,1,9MM_LUGER,3346723,31737,11,9,NULL,1,NULL
49,183.1096,97,0.3390986,0,9MM_LUGER,3347584,34320,12,9,NULL,1,NULL
50,186.8259,99,0.3187207,1,9MM_LUGER,3347717,34566,12,9,NULL,1,NULL
51,188.6271,101,0.2677848,1,9MM_LUGER,3347792,34706,12,9,NULL,1,NULL
52,191.0252,103,0.2128714,1,9MM_LUGER,3347882,34881,12,9,NULL,1,NULL
53,193.1492,105,0.2301426,1,9MM_LUGER,3347965,35038,12,9,NULL,1,NULL
54,225.7851,107,0.4039632,0,9MM_LUGER,3348640,37316,13,9,NULL,1,NULL
55,229.0454,109,0.4019707,1,9MM_LUGER,3348758,37575,13,9,NULL,1,NULL
56,230.6886,111,0.4098237,1,9MM_LUGER,3348819,37701,13,9,NULL,1,NULL
57,232.2403,113,0.2354687,1,9MM_LUGER,3348880,37812,13,9,NULL,1,NULL
58,233.8625,115,0.1940794,1,9MM_LUGER,3348943,37919,13,9,NULL,1,NULL
59,323.3229,117,0.2963385,1,9MM_LUGER,3350710,44089,14,9,NULL,1,NULL
60,370.4707,119,0.3093806,1,9MM_LUGER,3351582,47504,14,9,NULL,1,NULL
61,403.6494,121,0.3083731,1,9MM_LUGER,3352252,49853,14,9,NULL,1,NULL
62,406.3213,123,0.167459,1,9MM_LUGER,3352347,50036,14,9,NULL,1,NULL
63,408.7653,125,0.4249277,1,9MM_LUGER,3352442,50217,14,9,NULL,1,NULL
64,112.0655,127,0.2406386,0,9MM_LUGER,3355308,62787,16,17,NULL,1,NULL
65,121.1726,129,0.1551361,1,9MM_LUGER,3355593,63458,16,17,NULL,1,NULL
66,130.1397,131,0.1575077,1,9MM_LUGER,3355837,64028,16,17,NULL,1,NULL
67,138.3097,133,0.1297816,1,9MM_LUGER,3356065,64633,16,17,NULL,1,NULL
68,144.1098,135,0.1103037,1,9MM_LUGER,3356258,65076,16,17,NULL,1,NULL
69,193.9728,137,0.2597815,1,9MM_LUGER,3357231,68535,17,17,NULL,1,NULL
70,204.1966,139,0.1136848,1,9MM_LUGER,3357508,69314,17,17,NULL,1,NULL
71,214.5364,141,0.1641029,0,9MM_LUGER,3357805,70010,17,17,NULL,1,NULL
72,225.3747,143,0.143288,0,9MM_LUGER,3358136,70763,17,17,NULL,1,NULL
73,232.8144,145,0.1116401,1,9MM_LUGER,3358353,71326,17,17,NULL,1,NULL
74,265.793,147,0.122704,1,9MM_LUGER,3358989,73631,18,17,NULL,1,NULL
75,276.7016,149,0.1652589,1,9MM_LUGER,3359280,74442,18,17,NULL,1,NULL
76,287.0625,151,0.1268319,1,9MM_LUGER,3359558,75138,18,17,NULL,1,NULL
77,297.1003,153,0.2708206,1,9MM_LUGER,3359841,75835,18,17,NULL,1,NULL
78,321.0416,155,0.1130322,0,9MM_LUGER,3360452,77545,18,17,NULL,1,NULL
79,357.9664,157,0.2335287,1,9MM_LUGER,3361120,80048,19,17,NULL,1,NULL
80,361.8217,159,0.1841315,1,9MM_LUGER,3361250,80294,19,17,NULL,1,NULL
81,364.8585,161,0.1489726,1,9MM_LUGER,3361349,80505,19,17,NULL,1,NULL
82,368.4888,163,0.1592516,1,9MM_LUGER,3361467,80786,19,17,NULL,1,NULL
83,372.4829,165,0.2495148,1,9MM_LUGER,3361612,81087,19,17,NULL,1,NULL
84,409.6339,167,0.208351,1,9MM_LUGER,3362278,83545,20,17,NULL,1,NULL
85,412.1899,169,0.1721198,1,9MM_LUGER,3362364,83745,20,17,NULL,1,NULL
86,414.5179,171,0.1304908,1,9MM_LUGER,3362441,83893,20,17,NULL,1,NULL
87,417.2358,173,0.2460385,1,9MM_LUGER,3362536,84067,20,17,NULL,1,NULL
88,419.1521,175,0.1716265,1,9MM_LUGER,3362605,84206,20,17,NULL,1,NULL
89,452.7205,177,0.2172398,1,9MM_LUGER,3363249,86626,21,17,NULL,1,NULL
90,455.9411,179,0.2084884,1,9MM_LUGER,3363351,86882,21,17,NULL,1,NULL
91,459.7286,181,0.1734802,1,9MM_LUGER,3363482,87125,21,17,NULL,1,NULL
92,462.2141,183,0.09573787,1,9MM_LUGER,3363565,87258,21,17,NULL,1,NULL
93,465.3635,185,0.2645409,1,9MM_LUGER,3363676,87426,21,17,NULL,1,NULL
94,74.92924,187,0.2998195,1,9MM_LUGER,3365359,92948,23,22,NULL,1,NULL
95,92.45609,189,0.3675643,1,9MM_LUGER,3365826,94150,23,22,NULL,1,NULL
96,111.9454,191,0.1818307,1,9MM_LUGER,3366317,95529,23,22,NULL,1,NULL
97,125.3398,193,0.2161822,1,9MM_LUGER,3366641,96491,23,22,NULL,1,NULL
98,145.4717,195,0.1796814,1,9MM_LUGER,3367171,97922,23,22,NULL,1,NULL
99,177.5338,197,0.3851634,1,9MM_LUGER,3367832,100047,24,22,NULL,1,NULL
100,195.3801,199,0.2020772,1,9MM_LUGER,3368280,101273,24,22,NULL,1,NULL
101,213.3633,201,0.3360011,1,9MM_LUGER,3368716,102575,24,22,NULL,1,NULL
102,231.4623,203,0.2410586,1,9MM_LUGER,3369178,103865,24,22,NULL,1,NULL
103,263.2756,205,0.3299409,1,9MM_LUGER,3369795,106009,24,22,NULL,1,NULL
104,298.0549,207,0.2823366,1,9MM_LUGER,3370484,108329,25,22,NULL,1,NULL
105,318.9564,209,0.2766345,1,9MM_LUGER,3370920,109845,25,22,NULL,1,NULL
106,341.3454,211,0.3853821,1,9MM_LUGER,3371443,111465,25,22,NULL,1,NULL
107,363.6645,213,0.4239108,1,9MM_LUGER,3371904,113010,25,22,NULL,1,NULL
108,382.4024,215,0.3044257,1,9MM_LUGER,3372303,114408,25,22,NULL,1,NULL
109,412.207,217,0.2008223,1,9MM_LUGER,3372887,116367,26,22,NULL,1,NULL
110,434.7758,219,0.2232521,1,9MM_LUGER,3373351,117946,26,22,NULL,1,NULL
111,458.6466,221,0.2270471,1,9MM_LUGER,3373820,119481,26,22,NULL,1,NULL
112,480.4182,223,0.304612,1,9MM_LUGER,3374277,120972,26,22,NULL,1,NULL
113,504.4508,225,0.2053954,1,9MM_LUGER,3374747,122752,26,22,NULL,1,NULL
114,547.5128,227,0.3123599,1,9MM_LUGER,3375553,125665,27,22,NULL,1,NULL
115,568.5996,229,0.210584,1,9MM_LUGER,3375980,127126,27,22,NULL,1,NULL
116,590.3045,231,0.3564706,1,9MM_LUGER,3376458,128672,27,22,NULL,1,NULL
117,621.2725,233,0.1657769,1,9MM_LUGER,3377083,130809,27,22,NULL,1,NULL
118,644.0926,235,0.3122117,1,9MM_LUGER,3377577,132405,27,22,NULL,1,NULL
119,681.8179,237,0.2213692,1,9MM_LUGER,3378318,135054,28,22,NULL,1,NULL
120,700.735,239,0.2831048,1,9MM_LUGER,3378760,136415,28,22,NULL,1,NULL
121,718.6275,241,0.3781589,1,9MM_LUGER,3379138,137647,28,22,NULL,1,NULL
122,733.6893,243,0.2557024,1,9MM_LUGER,3379471,138648,28,22,NULL,1,NULL
123,749.1619,245,0.2244841,1,9MM_LUGER,3379815,139546,28,22,NULL,1,NULL
124,693.0937,247,0.2630424,0,9MM_LUGER,3394473,188704,30,27,NULL,1,NULL
125,722.1435,249,0.2551934,0,9MM_LUGER,3395143,190772,30,27,NULL,1,NULL
126,770.8231,251,0.3373143,1,9MM_LUGER,3396072,194192,30,27,NULL,1,NULL
127,799.8925,253,0.278269,1,9MM_LUGER,3396718,196274,30,27,NULL,1,NULL
128,821.553,255,0.1815411,1,9MM_LUGER,3397240,197753,30,27,NULL,1,NULL
129,868.0422,257,0.3435029,0,9MM_LUGER,3398151,200682,31,27,NULL,1,NULL
130,888.1246,259,0.1805633,1,9MM_LUGER,3398627,202049,31,27,NULL,1,NULL
131,906.7222,261,0.2096895,1,9MM_LUGER,3399069,203265,31,27,NULL,1,NULL
132,924.4322,263,0.2054038,1,9MM_LUGER,3399468,204539,31,27,NULL,1,NULL
133,940.6346,265,0.1987535,1,9MM_LUGER,3399851,205571,31,27,NULL,1,NULL
134,986.2105,267,0.1909884,1,9MM_LUGER,3400695,208837,32,27,NULL,1,NULL
135,999.1484,269,0.1718987,1,9MM_LUGER,3401004,209701,32,27,NULL,1,NULL
136,1011.497,271,0.258589,1,9MM_LUGER,3401308,210525,32,27,NULL,1,NULL
137,1023.385,273,0.1515079,1,9MM_LUGER,3401586,211346,32,27,NULL,1,NULL
138,1035.708,275,0.2434624,1,9MM_LUGER,3401879,212229,32,27,NULL,1,NULL
139,1070.788,277,0.3183595,1,9MM_LUGER,3402600,214647,33,27,NULL,1,NULL
140,1084.753,279,0.2577205,1,9MM_LUGER,3402955,215588,33,27,NULL,1,NULL
141,1098.284,281,0.3154869,1,9MM_LUGER,3403284,216509,33,27,NULL,1,NULL
142,1112.23,283,0.241761,0,9MM_LUGER,3403615,217480,33,27,NULL,1,NULL
143,1124.827,285,0.2577654,1,9MM_LUGER,3403899,218392,33,27,NULL,1,NULL
144,1160.063,287,0.1559274,1,9MM_LUGER,3404643,220883,34,27,NULL,1,NULL
145,1171.2,289,0.3037254,1,9MM_LUGER,3404922,221603,34,27,NULL,1,NULL
146,1185.532,291,0.2308557,1,9MM_LUGER,3405297,222613,34,27,NULL,1,NULL
147,1198.768,293,0.2716133,1,9MM_LUGER,3405596,223525,34,27,NULL,1,NULL
148,1214.673,295,0.3213764,1,9MM_LUGER,3405991,224625,34,27,NULL,1,NULL
149,1255.73,297,0.3192504,1,9MM_LUGER,3406808,227387,35,27,NULL,1,NULL
150,1269.012,299,0.2284864,1,9MM_LUGER,3407120,228266,35,27,NULL,1,NULL
151,1283.182,301,0.2597708,1,9MM_LUGER,3407435,229246,35,27,NULL,1,NULL
152,1296.124,303,0.1984976,1,9MM_LUGER,3407726,230128,35,27,NULL,1,NULL
153,1308.24,305,0.1931573,1,9MM_LUGER,3408007,230994,35,27,NULL,1,NULL
154,115.4267,307,0.3101982,1,9MM_LUGER,3411081,241538,37,35,NULL,1,NULL
155,127.6834,309,0.197226,1,9MM_LUGER,3411394,242359,37,35,NULL,1,NULL
156,129.007,311,0.3932773,1,9MM_LUGER,3411439,242429,37,35,NULL,1,NULL
157,130.1241,313,0.5120972,1,9MM_LUGER,3411486,242500,37,35,NULL,1,NULL
158,132.065,315,0.3009005,1,9MM_LUGER,3411554,242649,37,35,NULL,1,NULL
159,216.0475,317,0.2626491,1,9MM_LUGER,3412967,248222,38,35,NULL,1,NULL
160,218.649,319,0.3258642,1,9MM_LUGER,3413067,248404,38,35,NULL,1,NULL
161,220.6329,321,0.3565864,1,9MM_LUGER,3413143,248544,38,35,NULL,1,NULL
162,223.5543,323,0.310916,1,9MM_LUGER,3413249,248772,38,35,NULL,1,NULL
163,225.6535,325,0.2140075,1,9MM_LUGER,3413328,248928,38,35,NULL,1,NULL
164,255.2544,327,0.1841799,1,9MM_LUGER,3413886,251001,39,35,NULL,1,NULL
165,258.014,329,0.1408921,1,9MM_LUGER,3413979,251193,39,35,NULL,1,NULL
166,259.7731,331,0.2648882,1,9MM_LUGER,3414043,251321,39,35,NULL,1,NULL
167,263.0137,333,0.1258744,1,9MM_LUGER,3414159,251573,39,35,NULL,1,NULL
168,264.7937,335,0.1534168,1,9MM_LUGER,3414229,251706,39,35,NULL,1,NULL
169,292.0178,337,0.2244218,1,9MM_LUGER,3414784,253660,40,35,NULL,1,NULL
170,294.2754,339,0.3108619,1,9MM_LUGER,3414871,253833,40,35,NULL,1,NULL
171,296.0557,341,0.1411635,1,9MM_LUGER,3414940,253961,40,35,NULL,1,NULL
172,299.0013,343,0.2239171,1,9MM_LUGER,3415051,254181,40,35,NULL,1,NULL
173,300.69,345,0.1412838,1,9MM_LUGER,3415114,254310,40,35,NULL,1,NULL
174,325.0176,347,0.1650518,1,9MM_LUGER,3415616,255936,41,35,NULL,1,NULL
175,327.0046,349,0.2901394,1,9MM_LUGER,3415694,256077,41,35,NULL,1,NULL
176,328.8058,351,0.323217,1,9MM_LUGER,3415766,256204,41,35,NULL,1,NULL
177,330.5862,353,0.2597325,1,9MM_LUGER,3415836,256295,41,35,NULL,1,NULL
178,333.0718,355,0.2298897,1,9MM_LUGER,3415930,256427,41,35,NULL,1,NULL
179,360.3904,357,0.2454051,1,9MM_LUGER,3416433,258197,42,35,NULL,1,NULL
180,361.9882,359,0.2301476,1,9MM_LUGER,3416489,258286,42,35,NULL,1,NULL
181,363.4731,361,0.3290264,1,9MM_LUGER,3416546,258387,42,35,NULL,1,NULL
182,364.8635,363,0.237185,1,9MM_LUGER,3416600,258482,42,35,NULL,1,NULL
183,366.989,365,0.179582,1,9MM_LUGER,3416677,258636,42,35,NULL,1,NULL
184,521.0964,367,0.2173582,0,9MM_LUGER,3427157,294096,44,40,NULL,1,NULL
185,530.59,369,0.2148468,1,9MM_LUGER,3427418,294772,44,40,NULL,1,NULL
186,535.7266,371,0.2162037,1,9MM_LUGER,3427590,295110,44,40,NULL,1,NULL
187,539.333,373,0.2010866,1,9MM_LUGER,3427721,295340,44,40,NULL,1,NULL
188,542.6652,375,0.2386626,1,9MM_LUGER,3427841,295579,44,40,NULL,1,NULL
189,584.6765,377,0.422603,1,9MM_LUGER,3428574,298284,45,40,NULL,1,NULL
190,590.1994,379,0.3810039,1,9MM_LUGER,3428751,298643,45,40,NULL,1,NULL
191,604.3029,381,0.288988,0,9MM_LUGER,3429143,299619,45,40,NULL,1,NULL
192,616.8336,383,0.4577869,1,9MM_LUGER,3429456,300502,45,40,NULL,1,NULL
193,630.0699,385,0.3372414,1,9MM_LUGER,3429771,301420,45,40,NULL,1,NULL
194,664.3229,387,0.4477946,1,9MM_LUGER,3430452,303805,46,40,NULL,1,NULL
195,676.2357,389,0.3839566,1,9MM_LUGER,3430733,304627,46,40,NULL,1,NULL
196,688.3555,391,0.2516951,1,9MM_LUGER,3431003,305494,46,40,NULL,1,NULL
197,699.1276,393,0.3903877,1,9MM_LUGER,3431242,306265,46,40,NULL,1,NULL
198,713.0236,395,0.3353935,1,9MM_LUGER,3431588,307204,46,40,NULL,1,NULL
199,743.6709,397,0.4861881,1,9MM_LUGER,3432176,309423,47,40,NULL,1,NULL
200,748.0563,399,0.5521813,1,9MM_LUGER,3432326,309747,47,40,NULL,1,NULL
201,762.181,401,0.3306021,1,9MM_LUGER,3432672,310769,47,40,NULL,1,NULL
202,779.6864,403,0.3607807,1,9MM_LUGER,3433109,312000,47,40,NULL,1,NULL
203,795.5454,405,0.2520721,1,9MM_LUGER,3433481,313162,47,40,NULL,1,NULL
204,827.8604,407,0.3723744,1,9MM_LUGER,3434176,315186,48,40,NULL,1,NULL
205,840.7106,409,0.3959538,1,9MM_LUGER,3434489,316104,48,40,NULL,1,NULL
206,853.4,411,0.5444813,1,9MM_LUGER,3434789,316980,48,40,NULL,1,NULL
207,867.9348,413,0.4504863,1,9MM_LUGER,3435092,318002,48,40,NULL,1,NULL
208,886.1722,415,0.3389361,1,9MM_LUGER,3435529,319259,48,40,NULL,1,NULL
209,913.4876,417,0.2754645,1,9MM_LUGER,3436079,321160,49,40,NULL,1,NULL
210,928.4357,419,0.3930548,1,9MM_LUGER,3436429,322144,49,40,NULL,1,NULL
211,947.2158,421,0.3240675,1,9MM_LUGER,3436886,323389,49,40,NULL,1,NULL
212,967.9622,423,0.2949647,1,9MM_LUGER,3437363,324900,49,40,NULL,1,NULL
213,986.8129,425,0.4285506,1,9MM_LUGER,3437814,326192,49,40,NULL,1,NULL
214,78.9248,427,0.389697,1,9MM_LUGER,3441185,338212,51,45,NULL,1,NULL
215,83.48845,429,0.2724313,1,9MM_LUGER,3441343,338538,51,45,NULL,1,NULL
216,87.34361,431,0.3041456,1,9MM_LUGER,3441467,338812,51,45,NULL,1,NULL
217,97.18131,433,0.2547217,1,9MM_LUGER,3441775,339522,51,45,NULL,1,NULL
218,103.0241,435,0.09945251,1,9MM_LUGER,3441987,339948,51,45,NULL,1,NULL
219,215.1217,437,0.3986157,0,9MM_LUGER,3443798,347546,52,45,NULL,1,NULL
220,221.466,439,0.3245908,1,9MM_LUGER,3444011,348006,52,45,NULL,1,NULL
221,226.7366,441,0.3640845,1,9MM_LUGER,3444181,348328,52,45,NULL,1,NULL
222,231.5286,443,0.451418,1,9MM_LUGER,3444333,348664,52,45,NULL,1,NULL
223,238.0553,445,0.2296978,1,9MM_LUGER,3444535,349093,52,45,NULL,1,NULL
224,322.905,447,0.3274783,1,9MM_LUGER,3446049,354843,53,45,NULL,1,NULL
225,332.9463,449,0.3622274,1,9MM_LUGER,3446344,355567,53,45,NULL,1,NULL
226,336.6223,451,0.3227514,1,9MM_LUGER,3446475,355834,53,45,NULL,1,NULL
227,340.0004,453,0.1593511,1,9MM_LUGER,3446595,356042,53,45,NULL,1,NULL
228,343.3072,455,0.3362991,1,9MM_LUGER,3446707,356302,53,45,NULL,1,NULL
229,407.5263,457,0.200295,1,9MM_LUGER,3447809,360615,54,45,NULL,1,NULL
230,414.0781,459,0.2545547,1,9MM_LUGER,3448040,361032,54,45,NULL,1,NULL
231,422.4304,461,0.2525507,1,9MM_LUGER,3448311,361606,54,45,NULL,1,NULL
232,431.1483,463,0.2046598,1,9MM_LUGER,3448593,362251,54,45,NULL,1,NULL
233,438.9741,465,0.1912805,1,9MM_LUGER,3448867,362806,54,45,NULL,1,NULL
234,495.9361,467,0.1558807,1,9MM_LUGER,3449850,366630,55,45,NULL,1,NULL
235,503.3513,469,0.2183184,1,9MM_LUGER,3450098,367126,55,45,NULL,1,NULL
236,510.5873,471,0.2781153,1,9MM_LUGER,3450341,367555,55,45,NULL,1,NULL
237,516.0189,473,0.2139581,1,9MM_LUGER,3450526,367901,55,45,NULL,1,NULL
238,525.832,475,0.1514479,1,9MM_LUGER,3450864,368608,55,45,NULL,1,NULL
239,575.9479,477,0.4681499,0,9MM_LUGER,3451760,372020,56,45,NULL,1,NULL
240,583.2505,479,0.4195788,1,9MM_LUGER,3452005,372449,56,45,NULL,1,NULL
241,591.605,481,0.2538581,1,9MM_LUGER,3452286,372964,56,45,NULL,1,NULL
242,603.9055,483,0.2990474,0,9MM_LUGER,3452700,373809,56,45,NULL,1,NULL
243,610.9344,485,0.2601757,1,9MM_LUGER,3452937,374325,56,45,NULL,1,NULL
244,94.88885,487,0.09035145,1,9MM_LUGER,3454758,381947,58,53,NULL,1,NULL
245,118.2087,489,0.1219062,1,9MM_LUGER,3455292,383520,58,53,NULL,1,NULL
246,121.2456,491,0.1971391,1,9MM_LUGER,3455399,383752,58,53,NULL,1,NULL
247,124.0088,493,0.1647282,1,9MM_LUGER,3455496,383948,58,53,NULL,1,NULL
248,126.8843,495,0.1193829,1,9MM_LUGER,3455596,384169,58,53,NULL,1,NULL
249,302.4925,497,0.1967097,1,9MM_LUGER,3459348,396439,59,53,NULL,1,NULL
250,304.9361,499,0.2010861,1,9MM_LUGER,3459433,396583,59,53,NULL,1,NULL
251,307.5378,501,0.3001736,1,9MM_LUGER,3459526,396759,59,53,NULL,1,NULL
252,310.4133,503,0.08037635,1,9MM_LUGER,3459623,396947,59,53,NULL,1,NULL
253,314.9084,505,0.1423186,1,9MM_LUGER,3459771,397255,59,53,NULL,1,NULL
254,367.305,507,0.1692945,1,9MM_LUGER,3460688,400917,60,53,NULL,1,NULL
255,371.9149,509,0.1931607,1,9MM_LUGER,3460845,401218,60,53,NULL,1,NULL
256,376.6161,511,0.1306081,1,9MM_LUGER,3460999,401530,60,53,NULL,1,NULL
257,380.6572,513,0.1709017,1,9MM_LUGER,3461134,401807,60,53,NULL,1,NULL
258,384.1014,515,0.1247408,1,9MM_LUGER,3461247,402015,60,53,NULL,1,NULL
259,463.2471,517,0.1862664,1,9MM_LUGER,3462586,407658,61,53,NULL,1,NULL
260,468.9977,519,0.1441445,1,9MM_LUGER,3462775,408074,61,53,NULL,1,NULL
261,474.042,521,0.10819,1,9MM_LUGER,3462944,408403,61,53,NULL,1,NULL
262,479.1549,523,0.1319536,1,9MM_LUGER,3463112,408751,61,53,NULL,1,NULL
263,484.3336,525,0.1516057,1,9MM_LUGER,3463290,409116,61,53,NULL,1,NULL
264,532.5312,527,0.2374698,1,9MM_LUGER,3464314,412569,62,53,NULL,1,NULL
265,536.9834,529,0.1224579,1,9MM_LUGER,3464457,412883,62,53,NULL,1,NULL
266,540.4731,531,0.1892126,1,9MM_LUGER,3464578,413118,62,53,NULL,1,NULL
267,544.3317,533,0.1412682,1,9MM_LUGER,3464706,413386,62,53,NULL,1,NULL
268,548.6432,535,0.1141133,1,9MM_LUGER,3464849,413712,62,53,NULL,1,NULL
269,594.8334,537,0.1727693,1,9MM_LUGER,3465887,416831,63,53,NULL,1,NULL
270,602.5926,539,0.2665133,1,9MM_LUGER,3466135,417415,63,53,NULL,1,NULL
271,606.3143,541,0.1349983,1,9MM_LUGER,3466263,417662,63,53,NULL,1,NULL
272,611.4228,543,0.139375,1,9MM_LUGER,3466432,418045,63,53,NULL,1,NULL
273,617.9988,545,0.1256953,1,9MM_LUGER,3466653,418510,63,53,NULL,1,NULL
274,117.1397,547,0.3447523,1,9MM_LUGER,3468993,427706,65,58,NULL,1,NULL
275,136.4917,549,0.3560866,1,9MM_LUGER,3469565,429031,65,58,NULL,1,NULL
276,138.8662,551,0.2385772,1,9MM_LUGER,3469642,429202,65,58,NULL,1,NULL
277,140.5786,553,0.3003649,1,9MM_LUGER,3469696,429331,65,58,NULL,1,NULL
278,142.3339,555,0.2569451,1,9MM_LUGER,3469756,429474,65,58,NULL,1,NULL
279,369.0197,557,0.4516113,1,9MM_LUGER,3473437,445529,66,58,NULL,1,NULL
280,370.9577,559,0.2768337,1,9MM_LUGER,3473510,445669,66,58,NULL,1,NULL
281,373.8788,561,0.3294139,1,9MM_LUGER,3473617,445889,66,58,NULL,1,NULL
282,379.7672,563,0.3599981,1,9MM_LUGER,3473774,446323,66,58,NULL,1,NULL
283,382.0946,565,0.2378035,1,9MM_LUGER,3473855,446500,66,58,NULL,1,NULL
284,503.3669,567,0.3386036,1,9MM_LUGER,3475828,455028,67,58,NULL,1,NULL
285,506.5163,569,0.4638015,1,9MM_LUGER,3475942,455258,67,58,NULL,1,NULL
286,508.2314,571,0.2347634,1,9MM_LUGER,3476007,455387,67,58,NULL,1,NULL
287,510.5786,573,0.2343608,1,9MM_LUGER,3476090,455534,67,58,NULL,1,NULL
288,513.8439,575,0.3732718,1,9MM_LUGER,3476203,455768,67,58,NULL,1,NULL
289,619.573,577,0.3543966,1,9MM_LUGER,3477959,463310,68,58,NULL,1,NULL
290,621.8104,579,0.3487951,1,9MM_LUGER,3478038,463458,68,58,NULL,1,NULL
291,624.0673,581,0.2945168,1,9MM_LUGER,3478113,463624,68,58,NULL,1,NULL
292,626.2158,583,0.2731453,1,9MM_LUGER,3478187,463751,68,58,NULL,1,NULL
293,627.8344,585,0.3276251,1,9MM_LUGER,3478243,463875,68,58,NULL,1,NULL
294,716.6092,587,0.2295289,1,9MM_LUGER,3479732,470045,69,58,NULL,1,NULL
295,719.3026,589,0.3053276,1,9MM_LUGER,3479827,470194,69,58,NULL,1,NULL
296,721.8581,591,0.2454532,1,9MM_LUGER,3479917,470360,69,58,NULL,1,NULL
297,724.5054,593,0.3175928,1,9MM_LUGER,3480013,470509,69,58,NULL,1,NULL
298,726.7875,595,0.2629718,1,9MM_LUGER,3480092,470673,69,58,NULL,1,NULL
299,804.6082,597,0.1958172,1,9MM_LUGER,3481429,476172,70,58,NULL,1,NULL
300,807.21,599,0.267271,1,9MM_LUGER,3481518,476354,70,58,NULL,1,NULL
301,809.355,601,0.2998611,1,9MM_LUGER,3481590,476478,70,58,NULL,1,NULL
302,814.1934,603,0.2587098,1,9MM_LUGER,3481757,476794,70,58,NULL,1,NULL
303,816.0893,605,0.1885173,1,9MM_LUGER,3481822,476935,70,58,NULL,1,NULL
304,113.1354,607,0.2263094,1,9MM_LUGER,3484259,485099,72,66,NULL,1,NULL
305,143.8736,609,0.1860446,1,9MM_LUGER,3484827,487287,72,66,NULL,1,NULL
306,158.3211,611,0.21116,1,9MM_LUGER,3485158,488307,72,66,NULL,1,NULL
307,164.9854,613,0.2867922,1,9MM_LUGER,3485327,488802,72,66,NULL,1,NULL
308,171.08,615,0.2144244,1,9MM_LUGER,3485486,489239,72,66,NULL,1,NULL
309,319.8047,617,0.2828751,1,9MM_LUGER,3487773,499631,73,66,NULL,1,NULL
310,325.3522,619,0.2858598,1,9MM_LUGER,3487905,500033,73,66,NULL,1,NULL
311,330.6465,621,0.2277526,1,9MM_LUGER,3488045,500404,73,66,NULL,1,NULL
312,337.7879,623,0.3840205,1,9MM_LUGER,3488232,500918,73,66,NULL,1,NULL
313,343.7916,625,0.2780365,1,9MM_LUGER,3488380,501342,73,66,NULL,1,NULL
314,432.019,627,0.1969719,1,9MM_LUGER,3489788,507463,74,66,NULL,1,NULL
315,437.9981,629,0.23316,1,9MM_LUGER,3489949,507896,74,66,NULL,1,NULL
316,443.8859,631,0.1696246,1,9MM_LUGER,3490101,508323,74,66,NULL,1,NULL
317,450.2969,633,0.1672515,1,9MM_LUGER,3490263,508722,74,66,NULL,1,NULL
318,456.3218,635,0.2637469,1,9MM_LUGER,3490419,509113,74,66,NULL,1,NULL
319,524.9226,637,0.2666858,1,9MM_LUGER,3491515,513956,75,66,NULL,1,NULL
320,531.8146,639,0.3149919,1,9MM_LUGER,3491699,514436,75,66,NULL,1,NULL
321,537.9974,641,0.1888662,1,9MM_LUGER,3491842,514859,75,66,NULL,1,NULL
322,544.0019,643,0.2933139,1,9MM_LUGER,3491978,515272,75,66,NULL,1,NULL
323,549.6608,645,0.3218603,1,9MM_LUGER,3492110,515676,75,66,NULL,1,NULL
324,630.1745,647,0.2343412,1,9MM_LUGER,3493422,521000,76,66,NULL,1,NULL
325,636.7926,649,0.2726451,1,9MM_LUGER,3493601,521484,76,66,NULL,1,NULL
326,643.6181,651,0.1693512,1,9MM_LUGER,3493782,521987,76,66,NULL,1,NULL
327,649.871,653,0.2508042,1,9MM_LUGER,3493935,522379,76,66,NULL,1,NULL
328,656.6015,655,0.1912397,1,9MM_LUGER,3494101,522807,76,66,NULL,1,NULL
329,752.43,657,0.1527753,1,9MM_LUGER,3495604,529383,77,66,NULL,1,NULL
330,759.9821,659,0.2202068,1,9MM_LUGER,3495804,529903,77,66,NULL,1,NULL
331,764.9116,661,0.2087218,1,9MM_LUGER,3495930,530246,77,66,NULL,1,NULL
332,770.7097,663,0.18594,1,9MM_LUGER,3496091,530627,77,66,NULL,1,NULL
333,776.8241,665,0.1773145,1,9MM_LUGER,3496247,531026,77,66,NULL,1,NULL
334,51.60569,667,0.09810024,1,9MM_LUGER,3497484,536014,79,74,NULL,1,NULL
335,73.3543,669,0.3515489,1,9MM_LUGER,3497930,537549,79,74,NULL,1,NULL
336,93.05029,671,0.118564,1,9MM_LUGER,3498436,538826,79,74,NULL,1,NULL
337,100.5802,673,0.1907368,1,9MM_LUGER,3498665,539349,79,74,NULL,1,NULL
338,123.7876,675,0.1621007,1,9MM_LUGER,3499180,540944,79,74,NULL,1,NULL
339,159.7541,677,0.2320826,1,9MM_LUGER,3500022,543341,80,74,NULL,1,NULL
340,189.0812,679,0.3377168,1,9MM_LUGER,3500652,545381,80,74,NULL,1,NULL
341,196.0194,681,0.1758766,0,9MM_LUGER,3500887,545867,80,74,NULL,1,NULL
342,198.7577,683,0.1775846,1,9MM_LUGER,3500986,546048,80,74,NULL,1,NULL
343,201.2896,685,0.0847064,1,9MM_LUGER,3501078,546225,80,74,NULL,1,NULL
344,347.7354,687,0.3200626,1,9MM_LUGER,3503516,556101,81,74,NULL,1,NULL
345,360.1257,689,0.252312,1,9MM_LUGER,3503802,557010,81,74,NULL,1,NULL
346,376.2825,691,0.339522,1,9MM_LUGER,3504180,558161,81,74,NULL,1,NULL
347,378.6807,693,0.2234811,1,9MM_LUGER,3504259,558339,81,74,NULL,1,NULL
348,381.4403,695,0.2043104,1,9MM_LUGER,3504354,558533,81,74,NULL,1,NULL
349,486.0334,697,0.3651887,1,9MM_LUGER,3506045,565833,82,74,NULL,1,NULL
350,488.5652,699,0.3314767,1,9MM_LUGER,3506137,566026,82,74,NULL,1,NULL
351,490.5049,701,0.2050848,1,9MM_LUGER,3506203,566140,82,74,NULL,1,NULL
352,492.9713,703,0.2982054,1,9MM_LUGER,3506293,566326,82,74,NULL,1,NULL
353,495.274,705,0.1745606,1,9MM_LUGER,3506374,566499,82,74,NULL,1,NULL
354,571.201,707,0.1483344,1,9MM_LUGER,3507594,571664,83,74,NULL,1,NULL
355,573.413,709,0.185774,1,9MM_LUGER,3507667,571818,83,74,NULL,1,NULL
356,576.1059,711,0.1619771,1,9MM_LUGER,3507763,572016,83,74,NULL,1,NULL
357,578.5706,713,0.1537141,1,9MM_LUGER,3507846,572179,83,74,NULL,1,NULL
358,581.583,715,0.1901174,1,9MM_LUGER,3507948,572412,83,74,NULL,1,NULL
359,653.9265,717,0.1932954,1,9MM_LUGER,3509126,577498,84,74,NULL,1,NULL
360,656.2087,719,0.2098701,1,9MM_LUGER,3509205,577679,84,74,NULL,1,NULL
361,658.6067,721,0.3358524,1,9MM_LUGER,3509284,577861,84,74,NULL,1,NULL
362,661.0924,723,0.1553147,1,9MM_LUGER,3509369,578037,84,74,NULL,1,NULL
363,663.5571,725,0.2640363,1,9MM_LUGER,3509454,578207,84,74,NULL,1,NULL
364,714.5857,727,0.2415095,0,9MM_LUGER,3510267,581742,85,74,NULL,1,NULL
365,718.7391,729,0.2821563,1,9MM_LUGER,3510403,582043,85,74,NULL,1,NULL
366,720.499,731,0.1679528,1,9MM_LUGER,3510467,582170,85,74,NULL,1,NULL
367,722.5029,733,0.1889374,1,9MM_LUGER,3510533,582314,85,74,NULL,1,NULL
368,724.5366,735,0.1590187,1,9MM_LUGER,3510603,582460,85,74,NULL,1,NULL
369,103.8438,737,0.3393216,1,9MM_LUGER,3512998,590481,87,79,NULL,1,NULL
370,116.1601,739,0.1792865,1,9MM_LUGER,3513334,591339,87,79,NULL,1,NULL
371,117.6874,741,0.3193724,1,9MM_LUGER,3513390,591456,87,79,NULL,1,NULL
372,119.149,743,0.2274878,1,9MM_LUGER,3513444,591545,87,79,NULL,1,NULL
373,120.8157,745,0.2664325,1,9MM_LUGER,3513502,591668,87,79,NULL,1,NULL
374,267.7402,747,0.8539757,1,9MM_LUGER,3515886,602165,88,79,NULL,1,NULL
375,282.1625,749,0.4805593,1,9MM_LUGER,3516250,603126,88,79,NULL,1,NULL
376,293.619,751,0.5573193,1,9MM_LUGER,3516497,603941,88,79,NULL,1,NULL
377,306.0088,753,0.3779388,1,9MM_LUGER,3516762,604808,88,79,NULL,1,NULL
378,316.0748,755,0.5704605,1,9MM_LUGER,3516999,605488,88,79,NULL,1,NULL
379,383.6469,757,0.3430513,1,9MM_LUGER,3518238,610202,89,79,NULL,1,NULL
380,391.5889,759,0.3269978,1,9MM_LUGER,3518427,610754,89,79,NULL,1,NULL
381,400.4436,761,0.5011267,1,9MM_LUGER,3518618,611370,89,79,NULL,1,NULL
382,409.1154,763,0.3206025,1,9MM_LUGER,3518828,611933,89,79,NULL,1,NULL
383,416.9203,765,0.3281183,1,9MM_LUGER,3519007,612477,89,79,NULL,1,NULL
384,477.2846,767,0.4696734,1,9MM_LUGER,3520128,616756,90,79,NULL,1,NULL
385,486.7992,769,0.7496544,1,9MM_LUGER,3520361,617459,90,79,NULL,1,NULL
386,495.8121,771,0.2319296,1,9MM_LUGER,3520564,618089,90,79,NULL,1,NULL
387,503.8697,773,0.3521238,1,9MM_LUGER,3520758,618649,90,79,NULL,1,NULL
388,516.4213,775,0.4370162,1,9MM_LUGER,3521050,619577,90,79,NULL,1,NULL
389,577.355,777,0.403597,1,9MM_LUGER,3522178,623895,91,79,NULL,1,NULL
390,585.4329,779,0.234487,1,9MM_LUGER,3522370,624444,91,79,NULL,1,NULL
391,594.4034,781,0.3608798,1,9MM_LUGER,3522571,625021,91,79,NULL,1,NULL
392,605.2664,783,0.5462134,1,9MM_LUGER,3522812,625708,91,79,NULL,1,NULL
393,616.9509,785,0.2848252,1,9MM_LUGER,3523098,626549,91,79,NULL,1,NULL
394,674.436,787,0.2194875,1,9MM_LUGER,3524164,630631,92,79,NULL,1,NULL
395,683.1783,789,0.4490115,1,9MM_LUGER,3524359,631267,92,79,NULL,1,NULL
396,691.7134,791,0.4146126,1,9MM_LUGER,3524564,631899,92,79,NULL,1,NULL
397,700.0414,793,0.3934962,1,9MM_LUGER,3524757,632481,92,79,NULL,1,NULL
398,707.7095,795,0.2821555,1,9MM_LUGER,3524947,633031,92,79,NULL,1,NULL
399,194.6772,797,0.2732423,0,9MM_LUGER,3529087,647766,94,84,NULL,1,NULL
400,210.8809,799,0.2594285,1,9MM_LUGER,3529472,648889,94,84,NULL,1,NULL
401,214.5563,801,0.2326297,1,9MM_LUGER,3529580,649108,94,84,NULL,1,NULL
402,217.4529,803,0.2226767,1,9MM_LUGER,3529670,649339,94,84,NULL,1,NULL
403,220.4197,805,0.2074054,1,9MM_LUGER,3529756,649530,94,84,NULL,1,NULL
404,380.4427,807,0.5062621,1,9MM_LUGER,3532210,660829,95,84,NULL,1,NULL
405,383.3427,809,0.3244832,1,9MM_LUGER,3532299,661042,95,84,NULL,1,NULL
406,385.8751,811,0.3916219,1,9MM_LUGER,3532378,661192,95,84,NULL,1,NULL
407,388.4547,813,0.3421563,1,9MM_LUGER,3532452,661381,95,84,NULL,1,NULL
408,391.1019,815,0.2166763,1,9MM_LUGER,3532532,661571,95,84,NULL,1,NULL
409,487.5658,817,0.2891971,1,9MM_LUGER,3534085,668281,96,84,NULL,1,NULL
410,490.1465,819,0.300073,1,9MM_LUGER,3534162,668448,96,84,NULL,1,NULL
411,492.6568,821,0.2839966,1,9MM_LUGER,3534239,668621,96,84,NULL,1,NULL
412,494.665,823,0.2378401,1,9MM_LUGER,3534297,668752,96,84,NULL,1,NULL
413,496.7401,825,0.3343098,1,9MM_LUGER,3534359,668904,96,84,NULL,1,NULL
414,569.4943,827,0.3450833,0,9MM_LUGER,3535534,673960,97,84,NULL,1,NULL
415,572.7351,829,0.4901437,0,9MM_LUGER,3535631,674182,97,84,NULL,1,NULL
416,575.4278,831,0.3854423,1,9MM_LUGER,3535713,674345,97,84,NULL,1,NULL
417,578.4858,833,0.3646736,1,9MM_LUGER,3535806,674549,97,84,NULL,1,NULL
418,581.1577,835,0.1233204,1,9MM_LUGER,3535888,674734,97,84,NULL,1,NULL
419,659.024,837,0.59374,0,9MM_LUGER,3537133,680187,98,84,NULL,1,NULL
420,661.3729,839,0.2757853,0,9MM_LUGER,3537204,680332,98,84,NULL,1,NULL
421,663.6094,841,0.2205529,1,9MM_LUGER,3537275,680502,98,84,NULL,1,NULL
422,665.8917,843,0.3708504,1,9MM_LUGER,3537348,680658,98,84,NULL,1,NULL
423,667.8297,845,0.6076683,1,9MM_LUGER,3537407,680790,98,84,NULL,1,NULL
424,733.4901,847,0.5319586,0,9MM_LUGER,3538469,685397,99,84,NULL,1,NULL
425,736.4549,849,0.4533861,1,9MM_LUGER,3538560,685588,99,84,NULL,1,NULL
426,739.0121,851,0.1885292,1,9MM_LUGER,3538631,685770,99,84,NULL,1,NULL
427,743.119,853,0.4252321,1,9MM_LUGER,3538754,686051,99,84,NULL,1,NULL
428,747.5922,855,0.1915428,1,9MM_LUGER,3538887,686372,99,84,NULL,1,NULL
